Rank,Title,Domestic %,Foreign %,tconst,startYear,runtimeMinutes,g1,g2,g3,averageRating,numVotes,Total,Domestic,Foreign
1,Avatar,26.7%,73.3%,tt0499549,2009-01-01,162,Action,Adventure,Fantasy,7.9,1186010,2847379794,760507625,2086872169
2,Avengers: Endgame,30.7%,69.3%,tt4154796,2019-01-01,181,Action,Adventure,Drama,8.4,1033089,2797501328,858373000,1939128328
3,Titanic,30%,70%,tt0120338,1997-01-01,194,Drama,Romance,NA,7.9,1127022,2201647264,659363944,1542283320
4,Star Wars: Episode VII - The Force Awakens,45.3%,54.7%,tt2488496,2015-01-01,138,Action,Adventure,Sci-Fi,7.9,904967,2069521700,936662225,1132859475
5,Avengers: Infinity War,33.1%,66.9%,tt4154756,2018-01-01,149,Action,Adventure,Sci-Fi,8.5,998241,2048359754,678815482,1369544272
6,Spider-Man: No Way Home,42.5%,57.5%,tt10872600,2021-01-01,148,Action,Adventure,Fantasy,8.5,564567,1892570726,804570726,1088000000
7,Jurassic World,39.1%,60.9%,tt0369610,2015-01-01,124,Action,Adventure,Sci-Fi,7,616899,1671537444,653406625,1018130819
8,The Lion King,32.7%,67.3%,tt0110357,1994-01-01,88,Adventure,Animation,Drama,8.5,1017294,1662899439,543638043,1119261396
9,The Avengers,41%,59%,tt0848228,2012-01-01,143,Action,Adventure,Sci-Fi,8.1,1346735,1518815515,623357910,895457605
10,Furious 7,23.3%,76.7%,tt2820852,2015-01-01,137,Action,Crime,Thriller,7.2,382277,1515341399,353007020,1162334379
11,Frozen II,32.9%,67.1%,tt4520988,2019-01-01,103,Adventure,Animation,Comedy,6.8,162951,1450026933,477373578,972653355
12,Avengers: Age of Ultron,32.7%,67.3%,tt2395427,2015-01-01,141,Action,Adventure,Sci-Fi,7.3,825760,1402809540,459005868,943803672
13,Black Panther,52%,48%,tt1825683,2018-01-01,134,Action,Adventure,Sci-Fi,7.3,714215,1347597973,700426566,647171407
14,Harry Potter and the Deathly Hallows: Part 2,28.4%,71.6%,tt1201607,2011-01-01,130,Adventure,Fantasy,Mystery,8.2,839057,1342359942,381447587,960912355
15,Star Wars: Episode VIII - The Last Jedi,46.5%,53.5%,tt2527336,2017-01-01,152,Action,Adventure,Fantasy,6.9,607778,1332698830,620181382,712517448
16,Jurassic World: Fallen Kingdom,31.9%,68.1%,tt4881806,2018-01-01,128,Action,Adventure,Sci-Fi,6.2,294924,1310466296,417719760,892746536
17,Frozen,31.3%,68.7%,tt2294629,2013-01-01,102,Adventure,Animation,Comedy,7.5,608295,1281508100,400953009,880555091
18,Beauty and the Beast,39.6%,60.4%,tt0101414,1991-01-01,84,Animation,Family,Fantasy,8.1,438764,1273576220,504481165,769095055
19,Incredibles 2,49%,51%,tt3606756,2018-01-01,118,Action,Adventure,Animation,7.6,282506,1243089244,608581744,634507500
20,The Fate of the Furious,18.3%,81.7%,tt4630562,2017-01-01,136,Action,Crime,Thriller,6.6,225601,1236005118,226008385,1009996733
21,Iron Man 3,33.7%,66.3%,tt1300854,2013-01-01,130,Action,Adventure,Sci-Fi,7.2,819856,1214811252,409013994,805797258
22,Minions,29%,71%,tt2293640,2015-01-01,91,Adventure,Animation,Comedy,6.4,228098,1159444662,336045770,823398892
23,Captain America: Civil War,35.4%,64.6%,tt3498820,2016-01-01,147,Action,Adventure,Sci-Fi,7.8,746479,1153337496,408084349,745253147
24,Aquaman,29.2%,70.8%,tt1477834,2018-01-01,143,Action,Adventure,Fantasy,6.9,437438,1148528393,335104314,813424079
25,The Lord of the Rings: The Return of the King,33%,67%,tt0167260,2003-01-01,201,Action,Adventure,Drama,9,1766819,1146436214,378251207,768185007
26,Spider-Man: Far from Home,34.5%,65.5%,tt6320628,2019-01-01,129,Action,Adventure,Sci-Fi,7.4,453880,1131927996,390532085,741395911
27,Captain Marvel,37.8%,62.2%,tt4154664,2019-01-01,123,Action,Adventure,Sci-Fi,6.8,526541,1128462972,426829839,701633133
28,Transformers: Dark of the Moon,31.4%,68.6%,tt1399103,2011-01-01,154,Action,Adventure,Sci-Fi,6.2,401221,1123794079,352390543,771403536
29,Skyfall,27.5%,72.5%,tt1074638,2012-01-01,143,Action,Adventure,Thriller,7.8,682133,1108569499,304360277,804209222
30,Transformers: Age of Extinction,22.2%,77.8%,tt2109248,2014-01-01,165,Action,Adventure,Sci-Fi,5.6,309491,1104054072,245439076,858614996
31,Jurassic Park,36.8%,63.2%,tt0107290,1993-01-01,127,Action,Adventure,Sci-Fi,8.2,939627,1099428303,404214720,695213583
32,The Dark Knight Rises,41.4%,58.6%,tt1345836,2012-01-01,164,Action,Crime,Drama,8.4,1639647,1081153097,448149584,633003513
33,Joker,31.2%,68.8%,tt7286456,2019-01-01,122,Crime,Drama,Thriller,8.4,1170784,1074445730,335477657,738968073
34,Star Wars: Episode IX - The Rise of Skywalker,48%,52%,tt2527338,2019-01-01,141,Action,Adventure,Fantasy,6.5,425208,1074149279,515202542,558946737
35,Toy Story 4,40.4%,59.6%,tt1979376,2019-01-01,100,Adventure,Animation,Comedy,7.7,235756,1073394593,434038008,639356585
36,Toy Story 3,38.9%,61.1%,tt0435761,2010-01-01,103,Adventure,Animation,Comedy,8.3,808908,1066970811,415004880,651965931
37,Pirates of the Caribbean: Dead Man's Chest,39.7%,60.3%,tt0383574,2006-01-01,151,Action,Adventure,Fantasy,7.4,692585,1066179747,423315812,642863935
38,The Lion King,39.8%,60.2%,tt0110357,1994-01-01,88,Adventure,Animation,Drama,8.5,1017294,1063611805,422783777,640828028
39,Rogue One: A Star Wars Story,50.4%,49.6%,tt3748528,2016-01-01,133,Action,Adventure,Sci-Fi,7.8,601319,1056057720,532177324,523880396
40,Aladdin,33.8%,66.2%,tt0103639,1992-01-01,90,Adventure,Animation,Comedy,8.1,398968,1050693953,355559216,695134737
41,Pirates of the Caribbean: On Stranger Tides,23%,77%,tt1298650,2011-01-01,137,Action,Adventure,Fantasy,6.6,510357,1045713802,241071802,804642000
42,Despicable Me 3,25.6%,74.4%,tt3469046,2017-01-01,89,Adventure,Animation,Comedy,6.3,128145,1034800131,264624300,770175831
43,Finding Dory,47.3%,52.7%,tt2277860,2016-01-01,97,Adventure,Animation,Comedy,7.3,265330,1028570942,486295561,542275381
44,Star Wars: Episode I - The Phantom Menace,46.2%,53.8%,tt0120915,1999-01-01,136,Action,Adventure,Fantasy,6.5,776127,1027082707,474544677,552538030
45,Alice in Wonderland,32.6%,67.4%,tt1014759,2010-01-01,108,Adventure,Family,Fantasy,6.4,404892,1025468216,334191110,691277106
46,Zootopia,33.3%,66.7%,tt2948356,2016-01-01,108,Adventure,Animation,Comedy,8,477924,1024121104,341268248,682852856
47,Harry Potter and the Sorcerer's Stone,31.3%,68.7%,tt0241527,2001-01-01,152,Adventure,Family,Fantasy,7.6,746246,1017713119,318886962,698826157
48,The Hobbit: An Unexpected Journey,29.8%,70.2%,tt0903624,2012-01-01,169,Adventure,Fantasy,NA,7.8,800462,1017030651,303030651,714000000
49,The Dark Knight,53.2%,46.8%,tt0468569,2008-01-01,152,Action,Crime,Drama,9.1,2532534,1006102277,534987076,471115201
50,Harry Potter and the Deathly Hallows: Part 1,30.3%,69.7%,tt0926084,2010-01-01,146,Adventure,Family,Fantasy,7.7,526847,977070383,296374621,680695762
51,Despicable Me 2,37.9%,62.1%,tt1690953,2013-01-01,98,Adventure,Animation,Comedy,7.3,389841,970766005,368065385,602700620
52,The Jungle Book,37.7%,62.3%,tt3040964,2016-01-01,106,Adventure,Drama,Family,7.4,272416,966554929,364001123,602553806
53,Jumanji: Welcome to the Jungle,42%,58%,tt2283362,2017-01-01,119,Action,Adventure,Comedy,6.9,361959,962542945,404540171,558002774
54,The Hobbit: The Battle of the Five Armies,26.5%,73.5%,tt2310332,2014-01-01,144,Adventure,Fantasy,NA,7.4,511092,962201338,255138261,707063077
55,Pirates of the Caribbean: At World's End,32.2%,67.8%,tt0449088,2007-01-01,169,Action,Adventure,Fantasy,7.1,629562,960996492,309420425,651576067
56,The Hobbit: The Desolation of Smaug,26.9%,73.1%,tt1170358,2013-01-01,161,Adventure,Fantasy,NA,7.8,639834,959027992,258387334,700640658
57,The Lord of the Rings: The Two Towers,36.2%,63.8%,tt0167261,2002-01-01,179,Action,Adventure,Drama,8.8,1596191,947896241,342952511,604943730
58,Harry Potter and the Order of the Phoenix,31%,69%,tt0373889,2007-01-01,138,Action,Adventure,Family,7.5,559637,942201710,292382727,649818983
59,Finding Nemo,40.5%,59.5%,tt0266543,2003-01-01,100,Adventure,Animation,Comedy,8.2,1011536,940352645,380843261,559509384
60,Harry Potter and the Half-Blood Prince,32.4%,67.6%,tt0417741,2009-01-01,153,Action,Adventure,Family,7.6,523680,934483039,302334374,632148665
61,Shrek 2,47.5%,52.5%,tt0298148,2004-01-01,93,Adventure,Animation,Comedy,7.3,449209,928760770,441226247,487534523
62,Bohemian Rhapsody,23.8%,76.2%,tt1727824,2018-01-01,134,Biography,Drama,Music,8,511961,910809311,216668042,694141269
63,The Battle at Lake Changjin,<0.1%,100%,tt13462900,2021-01-01,176,Action,Drama,History,5.3,2430,902540935,342411,902198524
64,The Lord of the Rings: The Fellowship of the Ring,35.2%,64.8%,tt0120737,2001-01-01,178,Action,Adventure,Drama,8.9,1788560,898094742,316115420,581979322
65,Harry Potter and the Goblet of Fire,32.4%,67.6%,tt0330373,2005-01-01,157,Adventure,Family,Fantasy,7.7,602966,896730264,290469928,606260336
66,Spider-Man 3,37.6%,62.4%,tt0413300,2007-01-01,139,Action,Adventure,Sci-Fi,6.3,568821,894983373,336530303,558453070
67,Ice Age 3: Dawn of the Dinosaurs,22.2%,77.8%,tt1080016,2009-01-01,94,Adventure,Animation,Comedy,6.9,239482,886686817,196573705,690113112
68,Spectre,22.7%,77.3%,tt2379713,2015-01-01,148,Action,Adventure,Thriller,6.8,429355,880681519,200074609,680606910
69,Spider-Man: Homecoming,38%,62%,tt2250912,2017-01-01,133,Action,Adventure,Sci-Fi,7.4,620262,880166924,334201140,545965784
70,Harry Potter and the Chamber of Secrets,29.8%,70.2%,tt0295297,2002-01-01,161,Adventure,Family,Fantasy,7.4,610395,879793867,262641637,617152230
71,Ice Age 4: Continental Drift,18.4%,81.6%,tt1667889,2012-01-01,88,Adventure,Animation,Comedy,6.5,204709,877244782,161321843,715922939
72,The Secret Life of Pets,42.1%,57.9%,tt2709768,2016-01-01,87,Adventure,Animation,Comedy,6.5,197056,875458631,368384330,507074301
73,Batman v Superman: Dawn of Justice,37.8%,62.2%,tt2975590,2016-01-01,152,Action,Adventure,Sci-Fi,6.5,682930,873637528,330360194,543277334
74,Wolf Warrior 2,0.3%,99.7%,tt7131870,2017-01-01,123,Action,Adventure,Drama,5.9,7887,870325439,2721100,867604339
75,Star Wars: Episode III - Revenge of the Sith,43.8%,56.2%,tt0121766,2005-01-01,140,Action,Adventure,Fantasy,7.6,759113,868390560,380270577,488119983
76,The Hunger Games: Catching Fire,49.1%,50.9%,tt1951264,2013-01-01,146,Action,Adventure,Drama,7.5,648337,865011746,424668047,440343699
77,Guardians of the Galaxy Vol. 2,45.1%,54.9%,tt3896198,2017-01-01,136,Action,Adventure,Comedy,7.6,643458,863756051,389813101,473942950
78,Inside Out,41.6%,58.4%,tt2096673,2015-01-01,95,Adventure,Animation,Comedy,8.2,682110,858848019,356921711,501926308
79,Venom,24.9%,75.1%,tt1270797,2018-01-01,112,Action,Adventure,Sci-Fi,6.7,460177,856085151,213515506,642569645
80,Thor: Ragnarok,36.9%,63.1%,tt3501632,2017-01-01,130,Action,Adventure,Comedy,7.9,688740,853983911,315058289,538925622
81,Inception,35%,65%,tt1375666,2010-01-01,148,Action,Adventure,Sci-Fi,8.8,2253801,836848102,292587330,544260772
82,Transformers: Revenge of the Fallen,48.1%,51.9%,tt1055369,2009-01-01,149,Action,Adventure,Sci-Fi,6,401498,836303693,402111870,434191823
83,The Twilight Saga: Breaking Dawn - Part 2,35.2%,64.8%,tt1673434,2012-01-01,115,Adventure,Drama,Fantasy,5.6,244419,829747654,292324737,537422917
84,Spider-Man,49.3%,50.7%,tt0145487,2002-01-01,121,Action,Adventure,Sci-Fi,7.4,789163,825025036,407022860,418002176
85,Wonder Woman,50.2%,49.8%,tt0451279,2017-01-01,141,Action,Adventure,Fantasy,7.4,632641,822854286,412845172,410009114
86,"Hi, Mom",-,100%,tt13364790,2021-01-01,128,Comedy,Romance,NA,7,1857,822009764,NA,822009764
87,Independence Day,37.5%,62.5%,tt0116629,1996-01-01,145,Action,Adventure,Sci-Fi,7,560594,817400891,306169268,511231623
88,Fantastic Beasts and Where to Find Them,28.8%,71.2%,tt3183660,2016-01-01,132,Adventure,Family,Fantasy,7.3,447246,814044001,234037575,580006426
89,Shrek the Third,39.7%,60.3%,tt0413267,2007-01-01,93,Adventure,Animation,Comedy,6.1,298980,813367380,322719944,490647436
90,Coco,26%,74%,tt2380307,2017-01-01,105,Adventure,Animation,Comedy,8.4,470372,807817888,210460015,597357873
91,Jumanji: The Next Level,40%,60%,tt7975244,2019-01-01,123,Action,Adventure,Comedy,6.7,235174,800059707,320314960,479744747
92,Harry Potter and the Prisoner of Azkaban,31.4%,68.6%,tt0304141,2004-01-01,142,Adventure,Family,Fantasy,7.9,609541,797491273,250105651,547385622
93,Pirates of the Caribbean: Dead Men Tell No Tales,21.7%,78.3%,tt1790809,2017-01-01,129,Action,Adventure,Fantasy,6.6,293069,794881442,172558876,622322566
94,E.T. the Extra-Terrestrial,54.9%,45.1%,tt0083866,1982-01-01,115,Adventure,Family,Sci-Fi,7.9,396842,792910554,435110554,357800000
95,Mission: Impossible - Fallout,27.8%,72.2%,tt4912910,2018-01-01,147,Action,Adventure,Thriller,7.7,318977,791657398,220159104,571498294
96,2012,21%,79%,tt1190080,2009-01-01,158,Action,Adventure,Sci-Fi,5.8,370980,791217826,166112167,625105659
97,Indiana Jones and the Kingdom of the Crystal Skull,40.1%,59.9%,tt0367882,2008-01-01,122,Action,Adventure,NA,6.2,446063,790653942,317101119,473552823
98,Spider-Man 2,47.4%,52.6%,tt0316654,2004-01-01,127,Action,Adventure,Sci-Fi,7.4,627849,788976453,373585825,415390628
99,Fast & Furious 6,30.3%,69.7%,tt1905041,2013-01-01,130,Action,Crime,Thriller,7.1,388066,788680968,238679850,550001118
100,Deadpool 2,41.3%,58.7%,tt5463162,2018-01-01,119,Action,Adventure,Comedy,7.7,547779,785896609,324591735,461304874
101,Deadpool,46.4%,53.6%,tt1431045,2016-01-01,108,Action,Adventure,Comedy,8,988613,782836791,363070709,419766082
102,Star Wars,59.4%,40.6%,tt0076759,1977-01-01,121,Action,Adventure,Fantasy,8.6,1314041,775398007,460998507,314399500
103,No Time to Die,20.8%,79.2%,tt2382320,2021-01-01,163,Action,Adventure,Thriller,7.3,333515,774153007,160891007,613262000
104,Guardians of the Galaxy,43.2%,56.8%,tt2015381,2014-01-01,121,Action,Adventure,Comedy,8.1,1132124,773350147,333718600,439631547
105,The Batman,48.3%,51.7%,tt1877830,2022-01-01,176,Action,Crime,Drama,8.3,300104,764358832,368858832,395500000
106,The Da Vinci Code,28.6%,71.4%,tt0382625,2006-01-01,149,Mystery,Thriller,NA,6.6,423886,760006945,217536138,542470807
107,Fast & Furious Presents: Hobbs & Shaw,22.9%,77.1%,tt6806448,2019-01-01,137,Action,Adventure,Thriller,6.5,203911,759056935,173956935,585100000
108,Maleficent,31.8%,68.2%,tt1587310,2014-01-01,97,Adventure,Family,Fantasy,7,366848,758411779,241410378,517001401
109,The Amazing Spider-Man,34.6%,65.4%,tt0948470,2012-01-01,136,Action,Adventure,Sci-Fi,7,634094,757930663,262030663,495900000
110,The Hunger Games: Mockingjay - Part 1,44.6%,55.4%,tt1951265,2014-01-01,123,Action,Adventure,Sci-Fi,6.6,442858,755356711,337135885,418220826
111,Shrek Forever After,31.7%,68.3%,tt0892791,2010-01-01,93,Adventure,Animation,Comedy,6.3,198861,752600867,238736787,513864080
112,Madagascar 3: Europe's Most Wanted,29%,71%,tt1277953,2012-01-01,95,Adventure,Animation,Comedy,6.8,176432,746921274,216391482,530529792
113,Suicide Squad,43.5%,56.5%,tt1386697,2016-01-01,123,Action,Adventure,Fantasy,5.9,669097,746846894,325100054,421746840
114,X-Men: Days of Future Past,31.4%,68.6%,tt1877832,2014-01-01,132,Action,Adventure,Sci-Fi,8,694663,746045700,233921534,512124166
115,"The Chronicles of Narnia: The Lion, the Witch and the Wardrobe",39.2%,60.8%,tt0363771,2005-01-01,143,Adventure,Family,Fantasy,6.9,388568,745013115,291710957,453302158
116,Monsters University,36.1%,63.9%,tt1453405,2013-01-01,104,Adventure,Animation,Comedy,7.3,348198,743559645,268492764,475066881
117,The Matrix Reloaded,38%,62%,tt0234215,2003-01-01,138,Action,Sci-Fi,NA,7.2,582497,741847937,281576461,460271476
118,Up,39.9%,60.1%,tt1049413,2009-01-01,96,Adventure,Animation,Comedy,8.3,1007727,735099102,293004164,442094938
119,Ne Zha,0.5%,99.5%,tt10627720,2019-01-01,110,Action,Adventure,Animation,7.4,7313,726264074,3695533,722568541
120,F9: The Fast Saga,23.8%,76.2%,tt5433138,2021-01-01,143,Action,Crime,Thriller,5.2,119508,726229501,173005945,553223556
121,Gravity,37.9%,62.1%,tt1454468,2013-01-01,91,Action,Drama,Sci-Fi,7.7,808676,723192705,274092705,449100000
122,Captain America: The Winter Soldier,36.4%,63.6%,tt1843866,2014-01-01,136,Action,Adventure,Sci-Fi,7.8,810042,714421503,259766572,454654931
123,The Twilight Saga: Breaking Dawn - Part 1,39.5%,60.5%,tt1324999,2011-01-01,117,Adventure,Drama,Fantasy,4.9,236318,712205856,281287133,430918723
124,The Twilight Saga: New Moon,41.9%,58.1%,tt1259571,2009-01-01,130,Adventure,Drama,Fantasy,4.7,279578,711025481,297816253,413209228
125,Dawn of the Planet of the Apes,29.4%,70.6%,tt2103281,2014-01-01,130,Action,Adventure,Drama,7.6,431951,710644566,208545589,502098977
126,Transformers,45%,55%,tt0418279,2007-01-01,144,Action,Adventure,Sci-Fi,7.1,624628,709709780,319246193,390463587
127,The Amazing Spider-Man 2,28.6%,71.4%,tt1872181,2014-01-01,142,Action,Adventure,Sci-Fi,6.6,479221,708982323,202853933,506128390
128,It,46.9%,53.1%,tt1396484,2017-01-01,135,Horror,NA,NA,7.3,512406,701842551,328874981,372967570
129,Interstellar,26.8%,73.2%,tt0816692,2014-01-01,169,Adventure,Drama,Sci-Fi,8.7,1711914,701729206,188020017,513709189
130,The Wandering Earth,0.8%,99.2%,tt7605074,2019-01-01,125,Action,Adventure,Sci-Fi,5.9,29885,699992512,5971413,694021099
131,The Twilight Saga: Eclipse,43%,57%,tt1325004,2010-01-01,124,Action,Adventure,Drama,5,241417,698491347,300531751,397959596
132,Mission: Impossible - Ghost Protocol,30.1%,69.9%,tt1229238,2011-01-01,132,Action,Adventure,Thriller,7.4,478918,694713380,209397903,485315477
133,The Hunger Games,58.8%,41.2%,tt1392170,2012-01-01,142,Action,Adventure,Sci-Fi,7.2,894343,694394724,408010692,286384032
134,Detective Chinatown 3,-,100%,tt10370822,2021-01-01,136,Action,Adventure,Comedy,5.6,1759,686257563,NA,686257563
135,Mission: Impossible - Rogue Nation,28.6%,71.4%,tt2381249,2015-01-01,131,Action,Adventure,Thriller,7.4,362799,682716636,195042377,487674259
136,Forrest Gump,48.7%,51.3%,tt0109830,1994-01-01,142,Drama,Romance,NA,8.8,1980811,678226133,330455270,347770863
137,Doctor Strange,34.3%,65.7%,tt1211837,2016-01-01,115,Action,Adventure,Fantasy,7.5,686937,677796076,232641920,445154156
138,The Sixth Sense,43.6%,56.4%,tt0167404,1999-01-01,107,Drama,Mystery,Thriller,8.2,964091,672806432,293506292,379300140
139,Man of Steel,43.6%,56.4%,tt0770828,2013-01-01,143,Action,Adventure,Sci-Fi,7.1,749146,668045518,291045518,377000000
140,Ice Age 2: The Meltdown,29.3%,70.7%,tt0438097,2006-01-01,91,Adventure,Animation,Comedy,6.8,272305,667094506,195330621,471763885
141,Kung Fu Panda 2,24.8%,75.2%,tt1302011,2011-01-01,90,Action,Adventure,Animation,7.2,274786,665692281,165249063,500443218
142,The Hunger Games: Mockingjay - Part 2,42.8%,57.2%,tt1951266,2015-01-01,137,Action,Adventure,Sci-Fi,6.5,314795,658344137,281723902,376620235
143,Justice League,34.8%,65.2%,tt0974015,2017-01-01,120,Action,Adventure,Fantasy,6.1,438560,657926987,229024295,428902692
144,Big Hero 6,33.8%,66.2%,tt2245084,2014-01-01,102,Action,Adventure,Animation,7.8,444973,657869686,222527828,435341858
145,Fantastic Beasts: The Crimes of Grindelwald,24.4%,75.6%,tt4123430,2018-01-01,134,Adventure,Family,Fantasy,6.5,254868,654855901,159555901,495300000
146,Pirates of the Caribbean: The Curse of the Black Pearl,46.7%,53.3%,tt0325980,2003-01-01,143,Action,Adventure,Fantasy,8.1,1070749,654264015,305413918,348850097
147,Star Wars: Episode II - Attack of the Clones,47.5%,52.5%,tt0121765,2002-01-01,142,Action,Adventure,Fantasy,6.6,684868,653779970,310676740,343103230
148,Thor: The Dark World,32%,68%,tt1981115,2013-01-01,112,Action,Adventure,Fantasy,6.8,653315,644783140,206362140,438421000
149,Moana,38.6%,61.4%,tt3521164,2016-01-01,107,Adventure,Animation,Comedy,7.6,317077,643668897,248757044,394911853
150,Sing,42.7%,57.3%,tt3470600,2016-01-01,108,Animation,Comedy,Family,7.1,160332,634338384,270578425,363759959
151,Kung Fu Panda,34.1%,65.9%,tt0441773,2008-01-01,92,Action,Adventure,Animation,7.6,452726,632083197,215771591,416311606
152,The Incredibles,41.4%,58.6%,tt0317705,2004-01-01,115,Action,Adventure,Animation,8.1,703325,631607053,261441092,370165961
153,The Martian,36.2%,63.8%,tt3659388,2015-01-01,144,Adventure,Drama,Sci-Fi,8,822799,630620818,228433663,402187155
154,Hancock,36.2%,63.8%,tt0448157,2008-01-01,92,Action,Drama,Fantasy,6.4,471009,629443428,227946274,401497154
155,Water Gate Bridge,<0.1%,100%,tt16194408,2022-01-01,153,Action,Drama,History,4.9,308,626203271,117294,626085977
156,Fast Five,33.5%,66.5%,tt1596343,2011-01-01,130,Action,Adventure,Crime,7.3,373897,626137675,209837675,416300000
157,Men in Black 3,28.7%,71.3%,tt1409024,2012-01-01,106,Action,Adventure,Comedy,6.8,354407,624026776,179020854,445005922
158,Iron Man 2,50.1%,49.9%,tt1228705,2010-01-01,124,Action,Adventure,Sci-Fi,7,787347,623933331,312433331,311500000
159,Ratatouille,33.1%,66.9%,tt0382932,2007-01-01,111,Adventure,Animation,Comedy,8.1,695438,623726085,206445654,417280431
160,Ant-Man and the Wasp,34.8%,65.2%,tt5095030,2018-01-01,118,Action,Adventure,Comedy,7,373633,622674139,216648740,406025399
161,How to Train Your Dragon 2,28.5%,71.5%,tt1646971,2014-01-01,102,Action,Adventure,Animation,7.8,325540,621537519,177002924,444534595
162,Logan,36.5%,63.5%,tt3315342,2017-01-01,137,Action,Drama,Sci-Fi,8.1,721640,619179950,226277068,392902882
163,The Lost World: Jurassic Park,37%,63%,tt0119567,1997-01-01,129,Action,Adventure,Sci-Fi,6.5,404094,618638999,229086679,389552320
164,Casino Royale,27.2%,72.8%,tt0381061,2006-01-01,144,Action,Adventure,Thriller,8,641217,616502912,167445960,449056952
165,The Passion of the Christ,60.6%,39.4%,tt0335345,2004-01-01,127,Drama,NA,NA,7.2,226048,612054506,370782930,241271576
166,Mamma Mia!,23.6%,76.4%,tt0795421,2008-01-01,108,Comedy,Musical,Romance,6.5,236117,611257819,144169664,467088155
167,Life of Pi,20.5%,79.5%,tt0454876,2012-01-01,127,Adventure,Drama,Fantasy,7.9,614153,609016565,124987023,484029542
168,Transformers: The Last Knight,21.5%,78.5%,tt3371366,2017-01-01,154,Action,Adventure,Sci-Fi,5.2,147343,605425157,130168683,475256474
169,Madagascar: Escape 2 Africa,29.8%,70.2%,tt0479952,2008-01-01,89,Adventure,Animation,Comedy,6.7,221146,603900354,180010950,423889404
170,War of the Worlds,38.8%,61.2%,tt0407304,2005-01-01,116,Action,Adventure,Sci-Fi,6.5,437632,603873119,234280354,369592765
171,Tangled,33.9%,66.1%,tt0398286,2010-01-01,100,Adventure,Animation,Comedy,7.8,437528,592462816,200821936,391640880
172,Quantum of Solace,28.6%,71.4%,tt0830515,2008-01-01,106,Action,Adventure,Thriller,6.6,439570,589580482,168368427,421212055
173,Men in Black,42.5%,57.5%,tt0119654,1997-01-01,98,Action,Adventure,Comedy,7.3,551265,589390539,250690539,338700000
174,The Croods,31.9%,68.1%,tt0481499,2013-01-01,98,Adventure,Animation,Comedy,7.2,209238,587235983,187168425,400067558
175,The Hangover Part II,43.4%,56.6%,tt1411697,2011-01-01,102,Comedy,NA,NA,6.5,488808,586764305,254464305,332300000
176,Iron Man,54.5%,45.5%,tt0371746,2008-01-01,126,Action,Adventure,Sci-Fi,7.9,1020006,585796247,319034126,266762121
177,I Am Legend,43.8%,56.2%,tt0480249,2007-01-01,101,Action,Drama,Sci-Fi,7.2,734516,585410052,256393010,329017042
178,Ready Player One,23.6%,76.4%,tt1677720,2018-01-01,140,Action,Adventure,Sci-Fi,7.4,417561,582918849,137715350,445203499
179,"Monsters, Inc.",50.1%,49.9%,tt0198781,2001-01-01,92,Adventure,Animation,Comedy,8.1,877727,579707738,290642256,289065482
180,Operation Red Sea,0.3%,99.7%,tt6878882,2018-01-01,142,Action,Drama,Thriller,6.6,7021,579330426,1543547,577786879
181,Night at the Museum,43.7%,56.3%,tt0477347,2006-01-01,108,Adventure,Comedy,Family,6.4,337788,574481229,250863268,323617961
182,Fifty Shades of Grey,29.2%,70.8%,tt2322441,2015-01-01,125,Drama,Romance,Thriller,4.2,313232,569651467,166167230,403484237
183,Kong: Skull Island,29.7%,70.3%,tt3731562,2017-01-01,118,Action,Adventure,Fantasy,6.7,308548,566652812,168052812,398600000
184,The Smurfs,25.3%,74.7%,tt0472181,2011-01-01,103,Adventure,Animation,Comedy,5.4,88908,563749323,142614158,421135165
185,Cars 2,34.2%,65.8%,tt1216475,2011-01-01,106,Adventure,Animation,Comedy,6.2,180059,559852396,191452396,368400000
186,King Kong,39.2%,60.8%,tt0360717,2005-01-01,187,Action,Adventure,Drama,7.2,414703,556906378,218080025,338826353
187,Puss in Boots,26.9%,73.1%,tt0448694,2011-01-01,90,Adventure,Animation,Comedy,6.6,155084,554987477,149260504,405726973
188,The Mermaid,0.6%,99.4%,tt4701660,2016-01-01,94,Comedy,Drama,Fantasy,6.2,9072,553810228,3232685,550577543
189,Armageddon,36.4%,63.6%,tt0120591,1998-01-01,151,Action,Adventure,Sci-Fi,6.7,417121,553709788,201578182,352131606
190,The Day After Tomorrow,33.8%,66.2%,tt0319262,2004-01-01,124,Action,Adventure,Sci-Fi,6.4,438860,552639571,186740799,365898772
191,Ted,39.8%,60.2%,tt1637725,2012-01-01,106,Comedy,NA,NA,6.9,599332,549368315,218815487,330552828
192,American Sniper,64%,36%,tt2179136,2014-01-01,133,Action,Biography,Drama,7.3,471688,547459020,350159020,197300000
193,Mission: Impossible II,39.4%,60.6%,tt0120755,2000-01-01,123,Action,Adventure,Thriller,6.1,332958,546388108,215409889,330978219
194,Detective Chinatown 2,0.4%,99.6%,tt7752454,2018-01-01,121,Action,Comedy,Mystery,6.1,2502,544185156,1983984,542201172
195,X-Men: Apocalypse,28.6%,71.4%,tt3385516,2016-01-01,144,Action,Adventure,Sci-Fi,6.9,421547,543934105,155442489,388491616
196,Sherlock Holmes: A Game of Shadows,34.4%,65.6%,tt1515091,2011-01-01,129,Action,Adventure,Mystery,7.4,443902,543848418,186848418,357000000
197,Despicable Me,46.3%,53.7%,tt1323594,2010-01-01,95,Adventure,Animation,Comedy,7.6,530527,543157985,251557985,291600000
198,Cinderella,37.1%,62.9%,tt1661199,2015-01-01,105,Adventure,Drama,Family,6.9,173530,542358331,201151353,341206978
199,Madagascar,35.7%,64.3%,tt0351283,2005-01-01,86,Adventure,Animation,Comedy,6.9,391689,542063846,193595521,348468325
200,World War Z,37.5%,62.5%,tt0816711,2013-01-01,116,Action,Adventure,Horror,7,644511,540455876,202807711,337648165
201,Brave,44%,56%,tt1217209,2012-01-01,93,Adventure,Animation,Comedy,7.1,399692,538983207,237283207,301700000
202,Star Wars: Episode V - The Empire Strikes Back,54.4%,45.6%,tt0080684,1980-01-01,124,Action,Adventure,Fantasy,8.7,1242520,538375067,292753960,245621107
203,The Simpsons Movie,34.1%,65.9%,tt0462538,2007-01-01,87,Adventure,Animation,Comedy,7.3,323756,536414293,183135014,353279279
204,The Revenant,34.5%,65.5%,tt1663202,2015-01-01,156,Action,Adventure,Drama,8,772723,532950503,183637894,349312609
205,The Meg,27.4%,72.6%,tt4779682,2018-01-01,113,Action,Horror,Sci-Fi,5.6,166010,530517320,145522784,384994536
206,Ralph Breaks the Internet,38%,62%,tt5848272,2018-01-01,112,Adventure,Animation,Comedy,7,153001,529323962,201091711,328232251
207,Hotel Transylvania 3: Summer Vacation,31.7%,68.3%,tt5220122,2018-01-01,97,Adventure,Animation,Comedy,6.3,70450,528583774,167510016,361073758
208,The Boss Baby,33.2%,66.8%,tt3874544,2017-01-01,97,Adventure,Animation,Comedy,6.3,122138,527965936,175003033,352962903
209,Dunkirk,36%,64%,tt5013056,2017-01-01,106,Action,Drama,History,7.8,626205,527016307,189740665,337275642
210,Godzilla,38.2%,61.8%,tt0831387,2014-01-01,123,Action,Adventure,Sci-Fi,6.4,405796,524976069,200676069,324300000
211,How to Train Your Dragon: The Hidden World,30.7%,69.3%,tt2386490,2019-01-01,104,Action,Adventure,Animation,7.4,121684,524535733,160945505,363590228
212,Sherlock Holmes,39.9%,60.1%,tt0988045,2009-01-01,128,Action,Adventure,Mystery,7.6,617233,524028679,209028679,315000000
213,Meet the Fockers,53.4%,46.6%,tt0290002,2004-01-01,115,Comedy,Romance,NA,6.3,266506,522657936,279261160,243396776
214,WALL·E,42.9%,57.1%,tt0910970,2008-01-01,98,Adventure,Animation,Family,8.4,1077034,521311890,223808164,297503726
215,Kung Fu Panda 3,27.5%,72.5%,tt2267968,2016-01-01,95,Action,Adventure,Animation,7.1,151275,521170825,143528619,377642206
216,Terminator 2: Judgment Day,39.5%,60.5%,tt0103064,1991-01-01,137,Action,Sci-Fi,NA,8.6,1062462,520881154,205881154,315000000
217,Ant-Man,34.7%,65.3%,tt0478970,2015-01-01,117,Action,Adventure,Comedy,7.3,636303,519311965,180202163,339109802
218,The Grinch,52.9%,47.1%,tt2709692,2018-01-01,85,Adventure,Animation,Comedy,6.3,67568,512858819,271384731,241474088
219,Venom: Let There Be Carnage,42.1%,57.9%,tt7097896,2021-01-01,97,Action,Adventure,Sci-Fi,6,186566,506863592,213550366,293313226
220,Ghost,43%,57%,tt0099653,1990-01-01,127,Drama,Fantasy,Romance,7.1,211710,505703557,217631306,288072251
221,Aladdin,43.1%,56.9%,tt0103639,1992-01-01,90,Adventure,Animation,Comedy,8.1,398968,504050219,217350219,286700000
222,Rio 2,26.4%,73.6%,tt2357291,2014-01-01,101,Adventure,Animation,Comedy,6.3,87980,498781117,131538435,367242682
223,Troy,26.8%,73.2%,tt0332452,2004-01-01,163,Drama,History,NA,7.3,520536,497409852,133378256,364031596
224,Toy Story 2,49.4%,50.6%,tt0120363,1999-01-01,92,Adventure,Animation,Comedy,7.9,563051,497375381,245852179,251523202
225,How to Train Your Dragon,44%,56%,tt0892769,2010-01-01,98,Action,Adventure,Animation,8.1,714990,494879471,217581231,277298240
226,Twister,48.9%,51.1%,tt0117998,1996-01-01,113,Action,Adventure,Thriller,6.4,191797,494580615,241830615,252750000
227,Oz the Great and Powerful,47.6%,52.4%,tt1623205,2013-01-01,130,Adventure,Family,Fantasy,6.3,205702,493311825,234911825,258400000
228,Clash of the Titans,33.1%,66.9%,tt0800320,2010-01-01,106,Action,Adventure,Fantasy,5.8,279525,493214993,163214888,330000105
229,Maleficent: Mistress of Evil,23.2%,76.8%,tt4777008,2019-01-01,119,Adventure,Family,Fantasy,6.6,100306,491730089,113929605,377800484
230,War for the Planet of the Apes,29.9%,70.1%,tt3450958,2017-01-01,140,Action,Adventure,Drama,7.4,248181,490719763,146880162,343839601
231,Shrek,54.9%,45.1%,tt0126029,2001-01-01,90,Adventure,Animation,Comedy,7.9,655887,488351320,268163011,220188309
232,Mr. & Mrs. Smith,38.2%,61.8%,tt0356910,2005-01-01,120,Action,Comedy,Crime,6.5,481081,487287646,186336279,300951367
233,Angels & Demons,27.4%,72.6%,tt0808151,2009-01-01,138,Action,Mystery,Thriller,6.7,288059,485930816,133375846,352554970
234,Teenage Mutant Ninja Turtles,39.4%,60.6%,tt1291150,2014-01-01,101,Action,Adventure,Comedy,5.8,208429,485004754,191204754,293800000
235,Bruce Almighty,50.1%,49.9%,tt0315327,2003-01-01,101,Comedy,Fantasy,NA,6.8,393367,484592874,242829261,241763613
236,Rio,29.7%,70.3%,tt1436562,2011-01-01,96,Adventure,Animation,Comedy,6.9,221805,483866518,143619809,340246709
237,Saving Private Ryan,45%,55%,tt0120815,1998-01-01,169,Drama,War,NA,8.6,1337806,482349603,217049603,265300000
238,Rise of the Planet of the Apes,36.7%,63.3%,tt1318514,2011-01-01,105,Action,Drama,Sci-Fi,7.6,517721,481800873,176760185,305040688
239,Home Alone,60%,40%,tt0099785,1990-01-01,103,Comedy,Family,NA,7.7,550227,476684675,285761243,190923432
240,Hotel Transylvania 2,35.7%,64.3%,tt2510894,2015-01-01,89,Adventure,Animation,Comedy,6.7,122792,475186706,169700110,305486596
241,Star Wars: Episode VI - Return of the Jedi,65.1%,34.9%,tt0086190,1983-01-01,131,Action,Adventure,Fantasy,8.3,1015424,475106177,309306177,165800000
242,Charlie and the Chocolate Factory,43.5%,56.5%,tt0367594,2005-01-01,115,Adventure,Comedy,Family,6.7,462743,474968763,206459076,268509687
243,Indiana Jones and the Last Crusade,41.6%,58.4%,tt0097576,1989-01-01,127,Action,Adventure,NA,8.3,734749,474171806,197171806,277000000
244,San Andreas,32.7%,67.3%,tt2126355,2015-01-01,114,Action,Adventure,Thriller,6.1,231180,474009154,155190832,318818322
245,It Chapter Two,44.7%,55.3%,tt7349950,2019-01-01,169,Drama,Fantasy,Horror,6.5,246028,473122525,211622525,261500000
246,Jaws,55.3%,44.7%,tt0073195,1975-01-01,124,Adventure,Thriller,NA,8.1,578689,471411300,260758300,210653000
247,Wreck-It Ralph,40.2%,59.8%,tt1772341,2012-01-01,101,Adventure,Animation,Comedy,7.7,409134,471222889,189422889,281800000
248,The Hangover,59.1%,40.9%,tt1119646,2009-01-01,100,Comedy,NA,NA,7.7,763564,469328079,277339746,191988333
249,The Lego Movie,55.1%,44.9%,tt1490017,2014-01-01,100,Action,Adventure,Animation,7.7,344019,468266122,257966122,210300000
250,Godzilla vs. Kong,21.6%,78.4%,tt5034838,2021-01-01,113,Action,Sci-Fi,Thriller,6.3,194964,468216094,100916094,367300000
251,Bumblebee,27.2%,72.8%,tt4701182,2018-01-01,114,Action,Adventure,Sci-Fi,6.7,158224,467989645,127195589,340794056
252,Star Trek Into Darkness,49%,51%,tt1408101,2013-01-01,132,Action,Adventure,Sci-Fi,7.7,478160,467365246,228778661,238586585
253,The Matrix,36.8%,63.2%,tt0133093,1999-01-01,136,Action,Sci-Fi,NA,8.7,1848426,467222728,172076928,295145800
254,Gladiator,40.3%,59.7%,tt0172495,2000-01-01,155,Action,Adventure,Drama,8.5,1445116,465380802,187705427,277675375
255,Pretty Woman,38.5%,61.5%,tt0100405,1990-01-01,119,Comedy,Romance,NA,7.1,314266,463406268,178406268,285000000
256,Cars,52.8%,47.2%,tt0317219,2006-01-01,117,Adventure,Animation,Comedy,7.2,402739,461991867,244082982,217908885
257,The Eight Hundred,<0.1%,99.9%,tt7294150,2020-01-01,149,Action,Drama,History,6.7,5249,461421559,372755,461048804
258,X-Men: The Last Stand,50.9%,49.1%,tt0376994,2006-01-01,104,Action,Adventure,Sci-Fi,6.7,506252,460435291,234362462,226072829
259,National Treasure: Book of Secrets,47.9%,52.1%,tt0465234,2007-01-01,124,Action,Adventure,Mystery,6.5,231887,459242249,219964115,239278134
260,Lucy,27.6%,72.4%,tt2872732,2014-01-01,89,Action,Sci-Fi,Thriller,6.4,481224,458863600,126663600,332200000
261,Mission: Impossible,39.5%,60.5%,tt0117060,1996-01-01,110,Action,Adventure,Thriller,7.1,412325,457696391,180981856,276714535
262,300,46.2%,53.8%,tt0416449,2006-01-01,117,Action,Drama,NA,7.6,798563,456082343,210629101,245453242
263,The Last Samurai,24.4%,75.6%,tt0325710,2003-01-01,154,Action,Drama,NA,7.8,427011,454627263,111127263,343500000
264,Demon Slayer the Movie: Mugen Train,10.9%,89.1%,tt11032374,2020-01-01,117,Action,Adventure,Animation,8.3,50833,453349245,49505008,403844237
265,Dying to Survive,-,100%,tt7362036,2018-01-01,117,Comedy,Drama,NA,7.9,5916,451183391,6752,451176639
266,Ocean's Eleven,40.7%,59.3%,tt0240772,2001-01-01,116,Crime,Thriller,NA,7.7,555051,450717150,183417150,267300000
267,"My People, My Country",0.5%,99.5%,tt10147382,2019-01-01,154,Drama,History,NA,6.4,1770,450064993,2356683,447708310
268,Thor,40.3%,59.7%,tt0800369,2011-01-01,115,Action,Adventure,Fantasy,7,812155,449326618,181030624,268295994
269,Pearl Harbor,44.2%,55.8%,tt0213149,2001-01-01,183,Action,Drama,History,6.2,326645,449220945,198542554,250678391
270,La La Land,33.7%,66.3%,tt3783958,2016-01-01,128,Comedy,Drama,Music,8,560958,448906865,151101803,297805062
271,Tarzan,38.2%,61.8%,tt0120855,1999-01-01,88,Adventure,Animation,Comedy,7.3,219448,448191819,171091819,277100000
272,Men in Black II,43.5%,56.5%,tt0120912,2002-01-01,88,Action,Adventure,Comedy,6.1,365464,445135288,193735288,251400000
273,The Bourne Ultimatum,51.2%,48.8%,tt0440963,2007-01-01,115,Action,Mystery,Thriller,8,625741,444100035,227471070,216628965
274,The Mummy Returns,45.6%,54.4%,tt0209163,2001-01-01,130,Action,Adventure,Fantasy,6.4,317437,443280904,202019785,241261119
275,Alvin and the Chipmunks: The Squeakquel,49.6%,50.4%,tt1231580,2009-01-01,88,Adventure,Animation,Comedy,4.5,47983,443140005,219614612,223525393
276,Les Misérables,33.6%,66.4%,tt1707386,2012-01-01,158,Drama,Musical,Romance,7.6,324197,442299309,148809770,293489539
277,The Exorcist,52.8%,47.2%,tt0070047,1973-01-01,122,Horror,NA,NA,8.1,388889,441306145,233005644,208300501
278,Mrs. Doubtfire,49.7%,50.3%,tt0107614,1993-01-01,125,Comedy,Drama,NA,7.1,263068,441286195,219195243,222090952
279,Terminator Genisys,20.4%,79.6%,tt1340138,2015-01-01,126,Action,Adventure,Sci-Fi,6.3,272731,440603537,89760956,350842581
280,Warcraft,10.8%,89.2%,tt0803096,2016-01-01,123,Action,Adventure,Fantasy,6.8,258497,439048914,47365290,391683624
281,The Greatest Showman,40%,60%,tt1485796,2017-01-01,105,Biography,Drama,Musical,7.6,269477,436423834,174340174,262083660
282,A Star Is Born,49.4%,50.6%,tt1517451,2018-01-01,136,Drama,Music,Romance,7.6,370687,436233122,215333122,220900000
283,Pokémon Detective Pikachu,33.3%,66.7%,tt5884052,2019-01-01,104,Action,Adventure,Comedy,6.6,155812,433477601,144174568,289303033
284,Terminator 3: Rise of the Machines,34.7%,65.3%,tt0181852,2003-01-01,109,Action,Sci-Fi,NA,6.3,392808,433371112,150371112,283000000
285,Shang-Chi and the Legend of the Ten Rings,52%,48%,tt9376612,2021-01-01,132,Action,Adventure,Fantasy,7.5,339695,432243292,224543292,207700000
286,Die Another Day,37.3%,62.7%,tt0246460,2002-01-01,133,Action,Adventure,Thriller,6.1,216468,431971116,160942139,271028977
287,The Secret Life of Pets 2,36.9%,63.1%,tt5113040,2019-01-01,86,Adventure,Animation,Comedy,6.5,59679,430051293,158874395,271176898
288,Cast Away,54.4%,45.6%,tt0162222,2000-01-01,143,Adventure,Drama,Romance,7.8,572549,429632142,233632142,196000000
289,Rampage,23.6%,76.4%,tt2231461,2018-01-01,107,Action,Adventure,Sci-Fi,6.1,161401,428028233,101028233,327000000
290,The King's Speech,32.5%,67.5%,tt1504320,2010-01-01,118,Biography,Drama,History,8,668601,427374317,138797449,288576868
291,The Matrix Revolutions,32.6%,67.4%,tt0242653,2003-01-01,129,Action,Sci-Fi,NA,6.7,502606,427344325,139313948,288030377
292,The Intouchables,2.4%,97.6%,tt1675434,2011-01-01,112,Biography,Comedy,Drama,8.5,826071,426588510,10198820,416389690
293,Bad Boys for Life,48.4%,51.6%,tt1502397,2020-01-01,124,Action,Comedy,Crime,6.5,154194,426505244,206305244,220200000
294,Django Unchained,38.2%,61.8%,tt1853728,2012-01-01,165,Drama,Western,NA,8.5,1483941,426074373,162805434,263268939
295,Beauty and the Beast,51.5%,48.5%,tt0101414,1991-01-01,84,Animation,Family,Fantasy,8.1,438764,424967620,218967620,206000000
296,Dances with Wolves,43.4%,56.6%,tt0099348,1990-01-01,181,Adventure,Drama,Western,8.1,257694,424208848,184208848,240000000
297,"My People, My Homeland",-,100%,tt12363162,2020-01-01,153,Drama,NA,NA,6.5,762,422390820,NA,422390820
298,The Chronicles of Narnia: Prince Caspian,33.8%,66.2%,tt0499448,2008-01-01,150,Action,Adventure,Family,6.5,206515,419665568,141621490,278044078
299,Sex and the City,36.4%,63.6%,tt1000774,2008-01-01,145,Comedy,Drama,Romance,5.7,121237,418765519,152647258,266118261
300,The Captain,0.2%,99.8%,tt6763252,2017-01-01,118,Drama,History,Thriller,7.3,17190,417282021,706572,416575449
301,The Mummy,37.4%,62.6%,tt0120616,1999-01-01,124,Action,Adventure,Fantasy,7.1,417390,415933406,155385488,260547918
302,The Chronicles of Narnia: The Voyage of the Dawn Treader,25.1%,74.9%,tt0980970,2010-01-01,113,Adventure,Family,Fantasy,6.3,151288,415686217,104386950,311299267
303,Jason Bourne,39.1%,60.9%,tt4196776,2016-01-01,123,Action,Thriller,NA,6.6,222615,415484914,162434410,253050504
304,The Wolverine,32%,68%,tt1430132,2013-01-01,126,Action,Sci-Fi,NA,6.7,454732,414828246,132556852,282271394
305,Kingsman: The Secret Service,31%,69%,tt2802144,2014-01-01,129,Action,Adventure,Comedy,7.7,648322,414351546,128261724,286089822
306,Night at the Museum: Battle of the Smithsonian,42.9%,57.1%,tt1078912,2009-01-01,105,Adventure,Comedy,Family,6,191460,413106170,177243721,235862449
307,Batman,61.1%,38.9%,tt0096895,1989-01-01,126,Action,Adventure,NA,7.5,367743,411569241,251409241,160160000
308,The Bodyguard,29.7%,70.3%,tt0103855,1992-01-01,129,Action,Drama,Music,6.3,130967,411046449,122046449,289000000
309,Pacific Rim,24.8%,75.2%,tt1663662,2013-01-01,131,Action,Adventure,Sci-Fi,6.9,490406,411002906,101802906,309200000
310,Kingsman: The Golden Circle,24.4%,75.6%,tt4649466,2017-01-01,141,Action,Adventure,Comedy,6.7,314487,410902662,100234838,310667824
311,The Mummy,19.6%,80.4%,tt0120616,1999-01-01,124,Action,Adventure,Fantasy,7.1,417390,409231607,80227895,329003712
312,Ice Age 5: Collision Course,15.7%,84.3%,tt3416828,2016-01-01,94,Adventure,Animation,Comedy,5.7,64589,408754975,64063008,344691967
313,Twilight,47.5%,52.5%,tt1099212,2008-01-01,122,Drama,Fantasy,Romance,5.3,452358,408430415,193962473,214467942
314,Signs,55.8%,44.2%,tt0286106,2002-01-01,106,Drama,Mystery,Sci-Fi,6.8,355389,408247917,227966634,180281283
315,X2: X-Men United,52.7%,47.3%,tt0290334,2003-01-01,134,Action,Sci-Fi,Thriller,7.4,538295,407711549,214949694,192761855
316,Sing 2,40.1%,59.9%,tt6467266,2021-01-01,110,Adventure,Animation,Comedy,7.5,41393,406024390,162780390,243244000
317,Alita: Battle Angel,21.2%,78.8%,tt0437086,2019-01-01,122,Action,Adventure,Sci-Fi,7.3,257262,404980543,85838210,319142333
318,The Mummy: Tomb of the Dragon Emperor,25.4%,74.6%,tt0859163,2008-01-01,112,Action,Fantasy,Horror,5.2,158303,403449830,102491776,300958054
319,Prometheus,31.4%,68.6%,tt1446714,2012-01-01,124,Adventure,Mystery,Sci-Fi,7,596205,403354469,126477084,276877385
320,Gone with the Wind,49.9%,50.1%,tt0031381,1939-01-01,238,Drama,History,Romance,8.2,308681,402382193,200882193,201500000
321,Mamma Mia! Here We Go Again,30%,70%,tt6911608,2018-01-01,114,Comedy,Musical,Romance,6.6,91384,402254384,120634935,281619449
322,Eternals,41%,59%,tt9032400,2021-01-01,156,Action,Adventure,Fantasy,6.4,282531,402064899,164870234,237194665
323,Dune,27%,73%,tt1160419,2021-01-01,155,Action,Adventure,Drama,8.1,530333,400671789,108327830,292343959
324,TRON: Legacy,43%,57%,tt1104001,2010-01-01,125,Action,Adventure,Sci-Fi,6.8,329518,400063852,172062763,228001089
325,Mission: Impossible III,33.6%,66.4%,tt0317919,2006-01-01,126,Action,Adventure,Thriller,6.9,348000,398479497,134029801,264449696
326,Snow White and the Huntsman,39.2%,60.8%,tt1735898,2012-01-01,127,Action,Adventure,Drama,6.1,285206,396592829,155332381,241260448
327,Grease,48%,52%,tt0077631,1978-01-01,110,Comedy,Musical,Romance,7.2,261969,396271103,190071103,206200000
328,Uncharted,37.1%,62.9%,tt1464335,2022-01-01,116,Action,Adventure,NA,6.7,59255,395042079,146442079,248600000
329,Toy Story,56.6%,43.4%,tt0114709,1995-01-01,81,Adventure,Animation,Comedy,8.3,957334,394436586,223225679,171210907
330,Solo: A Star Wars Story,54.4%,45.6%,tt3778644,2018-01-01,135,Action,Adventure,Sci-Fi,6.9,328086,392924807,213767512,179157295
331,The Wolf of Wall Street,29.8%,70.2%,tt0993846,2013-01-01,180,Biography,Comedy,Crime,8.2,1329018,392000694,116900694,275100000
332,Superman Returns,51.2%,48.8%,tt0348150,2006-01-01,154,Action,Adventure,Sci-Fi,6.1,280478,391081192,200081192,191000000
333,Robin Hood: Prince of Thieves,42.4%,57.6%,tt0102798,1991-01-01,143,Action,Adventure,Drama,6.9,190149,390493908,165493908,225000000
334,Indiana Jones and the Raiders of the Lost Ark,63.6%,36.4%,tt0082971,1981-01-01,115,Action,Adventure,NA,8.4,939156,389925971,248159971,141766000
335,Independence Day: Resurgence,26.5%,73.5%,tt1628841,2016-01-01,120,Action,Adventure,Sci-Fi,5.2,176404,389681935,103144286,286537649
336,Live Free or Die Hard,34.7%,65.3%,tt0337978,2007-01-01,128,Action,Thriller,NA,7.1,401847,388156011,134529403,253626608
337,Monster Hunt,<0.1%,100%,tt3781476,2015-01-01,117,Adventure,Comedy,Fantasy,6.1,5148,387053506,32766,387020740
338,Godzilla: King of the Monsters,28.6%,71.4%,tt3741700,2019-01-01,132,Action,Adventure,Fantasy,6,174550,386600138,110500138,276100000
339,Home,46%,54%,tt2224026,2015-01-01,94,Adventure,Animation,Comedy,6.6,100173,386041607,177397510,208644097
340,Star Trek,66.8%,33.2%,tt0796366,2009-01-01,127,Action,Adventure,Sci-Fi,8,596683,385680446,257730019,127950427
341,1917,41.4%,58.6%,tt8579674,2019-01-01,119,Action,Drama,War,8.3,541457,384919389,159227644,225691745
342,Happy Feet,51.5%,48.5%,tt0366548,2006-01-01,108,Adventure,Animation,Comedy,6.4,181739,384336108,198000317,186335791
343,Cars 3,39.8%,60.2%,tt3606752,2017-01-01,102,Adventure,Animation,Comedy,6.7,92088,383930656,152901115,231029541
344,Back to the Future,55.5%,44.5%,tt0088763,1985-01-01,116,Adventure,Comedy,Sci-Fi,8.6,1152727,383336762,212836762,170500000
345,Ice Age,46%,54%,tt0268380,2002-01-01,81,Adventure,Animation,Comedy,7.5,470561,383257136,176387405,206869731
346,Fifty Shades Darker,30%,70%,tt4465564,2017-01-01,118,Drama,Romance,NA,4.6,99704,381545846,114581250,266964596
347,Monsters vs. Aliens,52%,48%,tt0892782,2009-01-01,94,Action,Adventure,Animation,6.5,158291,381509870,198351526,183158344
348,Black Widow,48.4%,51.6%,tt3480822,2021-01-01,134,Action,Adventure,Sci-Fi,6.7,344492,379751655,183651655,196100000
349,Godzilla,36%,64%,tt0831387,2014-01-01,123,Action,Adventure,Sci-Fi,6.4,405796,379014294,136314294,242700000
350,True Lies,38.6%,61.4%,tt0111503,1994-01-01,141,Action,Comedy,Thriller,7.3,252672,378882411,146282411,232600000
351,Slumdog Millionaire,37.4%,62.6%,tt1010048,2008-01-01,120,Drama,Romance,NA,8,830883,378410542,141319928,237090614
352,Taken 2,37.2%,62.8%,tt1397280,2012-01-01,92,Action,Crime,Thriller,6.2,302651,376152455,139854287,236298168
353,G.I. Joe: Retaliation,32.6%,67.4%,tt1583421,2013-01-01,110,Action,Adventure,Sci-Fi,5.8,180173,375740705,122523060,253217645
354,Mad Max: Fury Road,41%,59%,tt1392190,2015-01-01,120,Action,Adventure,Sci-Fi,8.1,961978,375709470,154109060,221600410
355,Spider-Man: Into the Spider-Verse,50.7%,49.3%,tt4633694,2018-01-01,117,Action,Adventure,Animation,8.4,480794,375540831,190241310,185299521
356,Shark Tale,42.9%,57.1%,tt0307453,2004-01-01,90,Adventure,Animation,Comedy,6,178696,374583879,160861908,213721971
357,Once Upon a Time... In Hollywood,38%,62%,tt7131622,2019-01-01,161,Comedy,Drama,NA,7.6,679579,374565754,142502728,232063026
358,What Women Want,48.9%,51.1%,tt0207201,2000-01-01,127,Comedy,Fantasy,Romance,6.4,204652,374111707,182811707,191300000
359,The Adventures of Tintin,20.8%,79.2%,tt0983193,2011-01-01,107,Action,Adventure,Animation,7.3,227637,373993951,77591831,296402120
360,Batman Begins,55.4%,44.6%,tt0372784,2005-01-01,140,Action,Crime,Drama,8.3,1415285,373672993,206863479,166809514
361,Penguins of Madagascar,22.4%,77.6%,tt1911658,2014-01-01,92,Adventure,Animation,Comedy,6.7,88060,373515621,83850911,289664710
362,X-Men Origins: Wolverine,48.2%,51.8%,tt0458525,2009-01-01,107,Action,Sci-Fi,NA,6.6,493224,373062864,179883157,193179707
363,The Golden Compass,18.8%,81.2%,tt0385752,2007-01-01,113,Adventure,Family,Fantasy,6.1,186053,372234864,70107728,302127136
364,Fifty Shades Freed,27%,73%,tt4477536,2018-01-01,105,Drama,Romance,Thriller,4.5,63401,371985018,100407760,271577258
365,Hitch,48.3%,51.7%,tt0386588,2005-01-01,118,Comedy,Romance,NA,6.7,311945,371594210,179495555,192098655
366,Terminator Salvation,33.8%,66.2%,tt0438488,2009-01-01,115,Action,Sci-Fi,NA,6.5,356514,371353001,125322469,246030532
367,Captain America: The First Avenger,47.7%,52.3%,tt0458339,2011-01-01,124,Action,Adventure,Sci-Fi,6.9,813514,370569774,176654505,193915269
368,Edge of Tomorrow,27%,73%,tt1631867,2014-01-01,113,Action,Adventure,Sci-Fi,7.9,652033,370541256,100206256,270335000
369,There's Something About Mary,47.7%,52.3%,tt0129387,1998-01-01,119,Comedy,Romance,NA,7.1,306155,369884651,176484651,193400000
370,Gone Girl,45.4%,54.6%,tt2267998,2014-01-01,149,Drama,Mystery,Thriller,8.1,944462,369330363,167767189,201563174
371,The Fugitive,49.8%,50.2%,tt0106977,1993-01-01,130,Action,Crime,Drama,7.8,287049,368875760,183875760,185000000
372,Jurassic Park III,49.1%,50.9%,tt0163025,2001-01-01,92,Action,Adventure,Sci-Fi,5.9,311635,368780809,181171875,187608934
373,My Big Fat Greek Wedding,65.5%,34.5%,tt0259446,2002-01-01,95,Comedy,Drama,Romance,6.6,128729,368744044,241438208,127305836
374,Hello Mr. Billionaire,-,100%,tt8529186,2018-01-01,118,Comedy,NA,NA,6.1,2020,366961907,NA,366961907
375,Die Hard with a Vengeance,27.3%,72.7%,tt0112864,1995-01-01,128,Action,Adventure,Thriller,7.6,381091,366101666,100012499,266089167
376,Shazam!,38.4%,61.6%,tt0448115,2019-01-01,132,Action,Adventure,Comedy,7,314222,366080049,140480049,225600000
377,The Nun,32.1%,67.9%,tt5814060,2018-01-01,96,Horror,Mystery,Thriller,5.3,135507,365582797,117481222,248101575
378,Alvin and the Chipmunks,59.5%,40.5%,tt0952640,2007-01-01,92,Adventure,Animation,Comedy,5.2,83524,365352546,217326974,148025572
379,Notting Hill,31.9%,68.1%,tt0125439,1999-01-01,124,Comedy,Drama,Romance,7.2,301081,363889678,116089678,247800000
380,Tenet,16.1%,83.9%,tt6723592,2020-01-01,150,Action,Sci-Fi,Thriller,7.4,460705,363704105,58504105,305200000
381,A Bug's Life,44.8%,55.2%,tt0120623,1998-01-01,95,Adventure,Animation,Comedy,7.2,284996,363258859,162798565,200460294
382,Night at the Museum: Secret of the Tomb,31.3%,68.7%,tt2692250,2014-01-01,98,Adventure,Comedy,Family,6.2,118485,363204635,113746621,249458014
383,Ocean's Twelve,34.6%,65.4%,tt0349903,2004-01-01,125,Crime,Thriller,NA,6.5,381286,362744280,125544280,237200000
384,Planet of the Apes,49.7%,50.3%,tt0133152,2001-01-01,119,Action,Adventure,Sci-Fi,5.7,217502,362211740,180011740,182200000
385,The Hangover Part III,31%,69%,tt1951261,2013-01-01,100,Comedy,Crime,NA,5.8,309059,362000072,112200072,249800000
386,The World Is Not Enough,35.1%,64.9%,tt0143145,1999-01-01,128,Action,Adventure,Thriller,6.4,198085,361832400,126943684,234888716
387,Monster Hunt 2,0.2%,99.8%,tt6170484,2018-01-01,110,Adventure,Comedy,Fantasy,5.4,1677,361682618,706153,360976465
388,Fast & Furious,43%,57%,tt1013752,2009-01-01,107,Action,Crime,Thriller,6.6,281145,360366870,155064265,205302605
389,Noah,28.2%,71.8%,tt1959490,2014-01-01,138,Action,Adventure,Drama,5.8,252244,359200044,101200044,258000000
390,The Karate Kid,49.2%,50.8%,tt0087538,1984-01-01,126,Action,Drama,Family,7.3,218305,359126022,176591618,182534404
391,Home Alone 2: Lost in New York,48.4%,51.6%,tt0104431,1992-01-01,120,Adventure,Comedy,Crime,6.8,343380,358994850,173585516,185409334
392,Hotel Transylvania,41.4%,58.6%,tt0837562,2012-01-01,91,Animation,Comedy,Family,7.1,247537,358375603,148313048,210062555
393,Minority Report,36.8%,63.2%,tt0181689,2002-01-01,145,Action,Crime,Mystery,7.7,537901,358372926,132072926,226300000
394,Your Name.,1.4%,98.6%,tt5311514,2016-01-01,106,Animation,Drama,Fantasy,8.4,245955,358180115,5017246,353162869
395,Top Gun,50.4%,49.6%,tt0092099,1986-01-01,110,Action,Drama,NA,6.9,322581,357288178,180258178,177030000
396,The Legend of Tarzan,35.5%,64.5%,tt0918940,2016-01-01,110,Action,Adventure,Drama,6.2,173623,356700357,126643061,230057296
397,American Beauty,36.5%,63.5%,tt0169547,1999-01-01,122,Drama,NA,NA,8.4,1127504,356296601,130096601,226200000
398,Spirited Away,3.9%,96.1%,tt0245429,2001-01-01,125,Adventure,Animation,Family,8.6,725565,355725195,13750644,341974551
399,Apollo 13,48.9%,51.1%,tt0112384,1995-01-01,140,Adventure,Drama,History,7.7,288098,355237933,173837933,181400000
400,Rain Man,48.7%,51.3%,tt0095953,1988-01-01,133,Drama,NA,NA,8,500878,354825435,172825435,182000000
401,The Great Gatsby,41%,59%,tt1343092,2013-01-01,143,Drama,Romance,NA,7.2,523395,353659851,144857996,208801855
402,Dumbo,32.5%,67.5%,tt0033563,1941-01-01,64,Adventure,Animation,Drama,7.3,128950,353284621,114766307,238518314
403,"I, Robot",41%,59%,tt0343818,2004-01-01,115,Action,Mystery,Sci-Fi,7.1,527503,353133898,144801023,208332875
404,Basic Instinct,33.4%,66.6%,tt0103772,1992-01-01,127,Drama,Mystery,Thriller,7,194707,352927224,117727224,235200000
405,Murder on the Orient Express,29.2%,70.8%,tt3402236,2017-01-01,114,Crime,Drama,Mystery,6.5,239558,352794081,102826543,249967538
406,X-Men: First Class,41.5%,58.5%,tt1270798,2011-01-01,131,Action,Adventure,Sci-Fi,7.7,677101,352616690,146408305,206208385
407,The Angry Birds Movie,30.5%,69.5%,tt1985949,2016-01-01,97,Action,Adventure,Animation,6.3,89583,352333929,107509366,244824563
408,GoldenEye,30.2%,69.8%,tt0113189,1995-01-01,130,Action,Adventure,Thriller,7.2,252963,352194034,106429941,245764093
409,Catch Me If You Can,46.8%,53.2%,tt0264464,2002-01-01,141,Biography,Crime,Drama,8.1,930585,352114312,164615351,187498961
410,Now You See Me,33.5%,66.5%,tt1670345,2013-01-01,115,Crime,Mystery,Thriller,7.2,638906,351723989,117723989,234000000
411,Hannibal,46.9%,53.1%,tt0212985,2001-01-01,131,Crime,Drama,Thriller,6.8,269385,351692268,165092268,186600000
412,The Mask,34.1%,65.9%,tt0110475,1994-01-01,101,Action,Comedy,Crime,6.9,374077,351583407,119938730,231644677
413,Peter Rabbit,32.8%,67.2%,tt5117670,2018-01-01,95,Adventure,Animation,Comedy,6.6,41515,351496066,115253424,236242642
414,Speed,34.6%,65.4%,tt0111257,1994-01-01,116,Action,Adventure,Thriller,7.3,353777,350448145,121248145,229200000
415,Dinosaur,39.4%,60.6%,tt0130623,2000-01-01,82,Adventure,Animation,Drama,6.4,59106,349822765,137748063,212074702
416,Mary Poppins Returns,49.2%,50.8%,tt5028340,2018-01-01,130,Adventure,Comedy,Family,6.7,86102,349546142,171958438,177587704
417,Deep Impact,40.2%,59.8%,tt0120647,1998-01-01,120,Action,Drama,Sci-Fi,6.2,175428,349464664,140464664,209000000
418,The Lorax,61.4%,38.6%,tt1482459,2012-01-01,86,Adventure,Animation,Comedy,6.4,109033,349183316,214373500,134809816
419,The Maze Runner,29.4%,70.6%,tt1790864,2014-01-01,113,Action,Mystery,Sci-Fi,6.8,451038,348319861,102427862,245891999
420,The Smurfs 2,20.4%,79.6%,tt2017020,2013-01-01,105,Adventure,Animation,Comedy,5.3,41338,347545360,71017784,276527576
421,National Treasure,49.8%,50.2%,tt0368891,2004-01-01,131,Action,Adventure,Mystery,6.9,323615,347512318,173008894,174503424
422,Rush Hour 2,65.1%,34.9%,tt0266915,2001-01-01,90,Action,Comedy,Crime,6.6,213957,347325802,226164286,121161516
423,Trolls,44.4%,55.6%,tt1679335,2016-01-01,92,Adventure,Animation,Comedy,6.5,79559,347182886,154025064,193157822
424,xXx: Return of Xander Cage,13%,87%,tt1293847,2017-01-01,107,Action,Adventure,Comedy,5.2,90794,346118277,44898413,301219864
425,Pocahontas,40.9%,59.1%,tt0114148,1995-01-01,81,Adventure,Animation,Drama,6.7,182296,346079773,141579773,204500000
426,How the Grinch Stole Christmas,75.4%,24.6%,tt0170016,2000-01-01,104,Comedy,Family,Fantasy,6.2,239301,345823032,260715005,85108027
427,Star Trek Beyond,46.2%,53.8%,tt2660888,2016-01-01,122,Action,Adventure,Sci-Fi,7,241735,343471816,158848340,184623476
428,Alvin and the Chipmunks: Chipwrecked,38.8%,61.2%,tt1615918,2011-01-01,87,Adventure,Animation,Comedy,4.3,34602,342695435,133110742,209584693
429,Wanted,39.3%,60.7%,tt0493464,2008-01-01,110,Action,Crime,Thriller,6.7,381350,342463063,134508551,207954512
430,The Flintstones,38.2%,61.8%,tt0109813,1994-01-01,91,Comedy,Family,Fantasy,5,80410,341631208,130531208,211100000
431,A Quiet Place,55.2%,44.8%,tt6644200,2018-01-01,90,Drama,Horror,Sci-Fi,7.5,502838,340952971,188024361,152928610
432,Enchanted,37.5%,62.5%,tt0461770,2007-01-01,107,Adventure,Animation,Comedy,7.1,193966,340487836,127807262,212680574
433,Over the Hedge,45.6%,54.4%,tt0327084,2006-01-01,83,Adventure,Animation,Comedy,6.7,171221,339795890,155019340,184776550
434,300: Rise of an Empire,31.6%,68.4%,tt1253863,2014-01-01,102,Action,Drama,NA,6.2,296154,337580051,106580051,231000000
435,Batman Forever,54.7%,45.3%,tt0112462,1995-01-01,121,Action,Adventure,NA,5.4,248513,336567158,184069126,152498032
436,Prince of Persia: The Sands of Time,27%,73%,tt0473075,2010-01-01,116,Action,Adventure,Fantasy,6.6,285198,336365676,90759676,245606000
437,The Curious Case of Benjamin Button,38%,62%,tt0421715,2008-01-01,166,Drama,Fantasy,Romance,7.8,631771,335802786,127509326,208293460
438,Journey 2: The Mysterious Island,31%,69%,tt1397514,2012-01-01,94,Action,Adventure,Comedy,5.7,102306,335287748,103887748,231400000
439,The Rock,40%,60%,tt0117500,1996-01-01,136,Action,Adventure,Thriller,7.4,330967,335062621,134069511,200993110
440,The Great Wall,13.6%,86.4%,tt2034800,2016-01-01,103,Action,Adventure,Fantasy,5.9,132068,334933831,45540830,289393001
441,Now You See Me 2,19.4%,80.6%,tt3110958,2016-01-01,129,Action,Adventure,Comedy,6.4,277323,334897606,65075540,269822066
442,Never Say Die,-,100%,tt7431894,2017-01-01,100,Comedy,Fantasy,Sport,6.1,1501,334530869,NA,334530869
443,Fantastic Four,46.4%,53.6%,tt0120667,2005-01-01,106,Action,Adventure,Fantasy,5.7,324413,333535934,154696080,178839854
444,Indiana Jones and the Temple of Doom,54%,46%,tt0087469,1984-01-01,118,Action,Adventure,NA,7.5,475804,333107271,179870271,153237000
445,Tomorrow Never Dies,37.6%,62.4%,tt0120347,1997-01-01,119,Action,Adventure,Thriller,6.5,191588,333011068,125304276,207706792
446,Back to the Future Part II,35.8%,64.2%,tt0096874,1989-01-01,108,Adventure,Comedy,Sci-Fi,7.9,515418,332500002,119000002,213500000
447,The Good Dinosaur,37%,63%,tt1979388,2015-01-01,93,Adventure,Animation,Comedy,6.7,112213,332207671,123087120,209120551
449,Free Guy,36.7%,63.3%,tt6264654,2021-01-01,115,Action,Adventure,Comedy,7.2,319856,331526598,121626598,209900000
450,22 Jump Street,57.9%,42.1%,tt2294449,2014-01-01,112,Action,Comedy,Crime,7,367815,331333876,191719337,139614539
451,Meet the Parents,50.3%,49.7%,tt0212338,2000-01-01,108,Comedy,Romance,NA,7,328211,330444045,166244045,164200000
452,Who Framed Roger Rabbit,47.4%,52.6%,tt0096438,1988-01-01,104,Adventure,Animation,Comedy,7.7,195787,329803958,156452370,173351588
453,Black Swan,32.5%,67.5%,tt0947798,2010-01-01,108,Drama,Thriller,NA,8,742427,329398046,106954678,222443368
454,The Perfect Storm,55.6%,44.4%,tt0177971,2000-01-01,130,Action,Adventure,Drama,6.4,165103,328718434,182618434,146100000
455,Crocodile Dundee,53.3%,46.7%,tt0090555,1986-01-01,97,Action,Adventure,Comedy,6.6,102960,328203506,174803506,153400000
456,Crazy Alien,-,100%,tt6660238,2019-01-01,116,Comedy,Sci-Fi,NA,5.7,1272,327598891,NA,327598891
457,Se7en,30.6%,69.4%,tt0114369,1995-01-01,127,Crime,Drama,Mystery,8.6,1574627,327333559,100125643,227207916
458,John Wick: Chapter 3 - Parabellum,52.2%,47.8%,tt6146586,2019-01-01,130,Action,Crime,Thriller,7.4,323435,327281779,171015687,156266092
459,The Devil Wears Prada,38.2%,61.8%,tt0458352,2006-01-01,109,Comedy,Drama,NA,6.9,403833,326706115,124740460,201965655
460,Taken 3,27.3%,72.7%,tt2446042,2014-01-01,108,Action,Crime,Thriller,6,189442,326479141,89256424,237222717
461,The Hunchback of Notre Dame,30.8%,69.2%,tt0116583,1996-01-01,91,Animation,Drama,Family,7,153156,325338851,100138851,225200000
462,A Christmas Carol,42.4%,57.6%,tt1067106,2009-01-01,96,Adventure,Animation,Comedy,6.8,112706,325286646,137855863,187430783
463,The SpongeBob Movie: Sponge Out of Water,50.1%,49.9%,tt2279373,2015-01-01,92,Adventure,Animation,Comedy,6,53974,325186032,162994032,162192000
464,Sonic the Hedgehog 2,49.8%,50.2%,tt12412888,2022-01-01,122,Action,Adventure,Animation,7.4,947,323714672,161114672,162600000
465,Schindler's List,30.1%,69.9%,tt0108052,1993-01-01,195,Biography,Drama,History,9,1308524,322161245,96898818,225262427
466,Megamind,46.1%,53.9%,tt1001526,2010-01-01,95,Action,Animation,Comedy,7.3,250766,321885765,148415853,173469912
467,The Conjuring 2,31.8%,68.2%,tt3065204,2016-01-01,134,Horror,Mystery,Thriller,7.3,259038,321834351,102516140,219318211
468,Green Book,26.4%,73.6%,tt6966692,2018-01-01,130,Biography,Comedy,Drama,8.2,457951,321752656,85080171,236672485
469,Lethal Weapon 3,45%,55%,tt0104714,1992-01-01,118,Action,Crime,Thriller,6.7,165689,321731527,144731527,177000000
470,The Ugly Truth,27.6%,72.4%,tt1142988,2009-01-01,96,Comedy,Romance,NA,6.4,215409,321682600,88915214,232767386
471,Robin Hood,32.7%,67.3%,tt0955308,2010-01-01,140,Action,Adventure,Drama,6.6,265110,321669741,105269730,216400011
472,Inglourious Basterds,37.5%,62.5%,tt0361748,2009-01-01,153,Adventure,Drama,War,8.3,1384378,321457747,120540719,200917028
473,101 Dalmatians,42.5%,57.5%,tt0115433,1996-01-01,103,Adventure,Comedy,Crime,5.7,109803,320689294,136189294,184500000
474,The Conjuring,42.9%,57.1%,tt1457767,2013-01-01,112,Horror,Mystery,Thriller,7.5,488519,320406242,137446368,182959874
475,Fatal Attraction,48.9%,51.1%,tt0093010,1987-01-01,119,Drama,Thriller,NA,6.9,84023,320145693,156645693,163500000
476,Sonic the Hedgehog,46.6%,53.4%,tt3794354,2020-01-01,99,Action,Adventure,Comedy,6.5,117200,319715683,148974665,170741018
477,The Last Airbender,41.2%,58.8%,tt0938283,2010-01-01,103,Action,Adventure,Family,4,161161,319713881,131772187,187941694
478,The Proposal,51.7%,48.3%,tt1041829,2009-01-01,108,Comedy,Drama,Romance,6.7,319107,317375031,163958031,153417000
479,A Beautiful Mind,53.9%,46.1%,tt0268978,2001-01-01,135,Biography,Drama,NA,8.2,905106,316791257,170742341,146048916
480,Beverly Hills Cop,74.2%,25.8%,tt0086960,1984-01-01,105,Action,Comedy,Crime,7.4,179042,316360478,234760478,81600000
481,The Polar Express,59.9%,40.1%,tt0338348,2004-01-01,100,Adventure,Animation,Comedy,6.6,200593,315249768,188969804,126279964
482,Air Force One,54.9%,45.1%,tt0118571,1997-01-01,124,Action,Drama,Thriller,6.5,192226,315156409,172956409,142200000
483,The Expendables 2,27%,73%,tt1764651,2012-01-01,103,Action,Adventure,Thriller,6.6,303338,314975955,85028192,229947763
484,Chicken Little,43.1%,56.9%,tt0371606,2005-01-01,81,Adventure,Animation,Comedy,5.7,90947,314432837,135386665,179046172
485,As Good as It Gets,47.3%,52.7%,tt0119822,1997-01-01,139,Comedy,Drama,Romance,7.7,293559,314178011,148478011,165700000
486,Maze Runner: The Scorch Trials,26.2%,73.8%,tt4046784,2015-01-01,131,Action,Adventure,Sci-Fi,6.3,242173,312296056,81697192,230598864
487,Resident Evil: The Final Chapter,8.6%,91.4%,tt2592614,2016-01-01,107,Action,Adventure,Horror,5.5,91616,312242626,26830068,285412558
488,The Lego Batman Movie,56.4%,43.6%,tt4116284,2016-01-01,104,Action,Adventure,Animation,7.3,144313,312136671,175936671,136200000
489,Austin Powers: The Spy Who Shagged Me,66%,34%,tt0145660,1999-01-01,95,Action,Adventure,Comedy,6.6,228802,312016928,206040086,105976842
490,Knives Out,53.1%,46.9%,tt8946378,2019-01-01,130,Comedy,Crime,Drama,7.9,582399,311605581,165363234,146242347
491,Ocean's Thirteen,37.6%,62.4%,tt0496806,2007-01-01,122,Crime,Thriller,NA,6.9,339411,311312624,117154724,194157900
492,Little Fockers,47.8%,52.2%,tt0970866,2010-01-01,98,Comedy,Romance,NA,5.5,111462,310650585,148438600,162211985
493,Bolt,36.8%,63.2%,tt0397892,2008-01-01,96,Adventure,Animation,Comedy,6.9,204837,309979994,114053579,195926415
494,Ransom,44.1%,55.9%,tt0117438,1996-01-01,121,Action,Crime,Thriller,6.7,126043,309492681,136492681,173000000
495,Runaway Bride,49.2%,50.8%,tt0163187,1999-01-01,116,Comedy,Romance,NA,5.6,97622,309460292,152257509,157202783
496,The Blind Side,82.8%,17.2%,tt0878804,2009-01-01,129,Biography,Drama,Sport,7.6,320672,309231694,255982860,53248834
497,The Ex-File 3: The Return of The Exes,0.3%,99.7%,tt7830888,2017-01-01,120,Comedy,Romance,NA,5.6,474,307592427,838959,306753468
498,The Fault in Our Stars,40.6%,59.4%,tt2582846,2014-01-01,126,Drama,Romance,NA,7.7,367135,307166834,124872350,182294484
499,The Pursuit of Happyness,53.3%,46.7%,tt0454921,2006-01-01,117,Biography,Drama,NA,8,492279,307127625,163566459,143561166
500,Rise of the Guardians,33.7%,66.3%,tt1446192,2012-01-01,97,Action,Adventure,Animation,7.3,170337,306941670,103412758,203528912
501,Close Encounters of the Third Kind,44%,56%,tt0075860,1977-01-01,138,Drama,Sci-Fi,NA,7.6,197201,306889114,135189114,171700000
502,Chicago,55.6%,44.4%,tt0299658,2002-01-01,113,Comedy,Crime,Musical,7.2,226660,306776732,170687518,136089214
503,Annabelle: Creation,33.3%,66.7%,tt5140878,2017-01-01,109,Horror,Mystery,Thriller,6.5,128848,306515884,102092201,204423683
504,Wonder,43.2%,56.8%,tt2543472,2017-01-01,113,Drama,Family,NA,7.9,159045,306209289,132422809,173786480
505,Skyscraper,22.4%,77.6%,tt5758778,2018-01-01,102,Action,Adventure,Thriller,5.8,119143,304868961,68420120,236448841
506,A Good Day to Die Hard,22.1%,77.9%,tt1606378,2013-01-01,98,Action,Thriller,NA,5.2,205333,304654182,67349198,237304984
507,Mulan,39.6%,60.4%,tt0120762,1998-01-01,88,Adventure,Animation,Comedy,7.6,277917,304320254,120620254,183700000
508,Dangal,4.1%,95.9%,tt5074352,2016-01-01,161,Action,Biography,Drama,8.4,180684,303723636,12391761,291331875
509,Passengers,33%,67%,tt1355644,2016-01-01,116,Drama,Romance,Sci-Fi,7,388219,303144152,100014699,203129453
510,Battleship,21.6%,78.4%,tt1440129,2012-01-01,131,Action,Adventure,Sci-Fi,5.8,245275,303025485,65422625,237602860
511,Liar Liar,59.9%,40.1%,tt0119528,1997-01-01,86,Comedy,Fantasy,NA,6.9,301148,302710615,181410615,121300000
512,G.I. Joe: The Rise of Cobra,49.7%,50.3%,tt1046173,2009-01-01,118,Action,Adventure,Sci-Fi,5.7,207069,302469017,150201498,152267519
513,Wrath of the Titans,27.7%,72.3%,tt1646987,2012-01-01,99,Action,Adventure,Fantasy,5.7,187519,301970083,83670083,218300000
514,Fantastic 4: Rise of the Silver Surfer,43.7%,56.3%,tt0486576,2007-01-01,92,Action,Adventure,Fantasy,5.6,261333,301913131,131921738,169991393
515,Hook,39.8%,60.2%,tt0102057,1991-01-01,142,Adventure,Comedy,Family,6.8,249119,300854823,119654823,181200000
516,Superman,44.8%,55.2%,tt0078346,1978-01-01,143,Action,Adventure,Sci-Fi,7.4,171163,300478449,134478449,166000000
517,Rocky IV,42.6%,57.4%,tt0089927,1985-01-01,91,Drama,Sport,NA,6.8,200399,300473716,127873716,172600000
518,Rambo: First Blood Part II,50.1%,49.9%,tt0089880,1985-01-01,96,Action,Adventure,Thriller,6.5,165256,300400432,150415432,149985000
519,Resident Evil: Afterlife,20%,80%,tt1220634,2010-01-01,96,Action,Adventure,Horror,5.8,169375,300228084,60128566,240099518
520,Van Helsing,40%,60%,tt0338526,2004-01-01,131,Action,Adventure,Fantasy,6,260338,300157638,120177084,179980554
521,Stuart Little,46.7%,53.3%,tt0164912,1999-01-01,84,Adventure,Comedy,Family,6,132354,300135367,140035367,160100000
522,Beverly Hills Cop II,51.2%,48.8%,tt0092644,1987-01-01,100,Action,Comedy,Crime,6.5,117220,299965036,153665036,146300000
523,Alice Through the Looking Glass,25.7%,74.3%,tt2567026,2016-01-01,113,Adventure,Family,Fantasy,6.2,104219,299820798,77041381,222779417
524,My Best Friend's Wedding,42.5%,57.5%,tt0119738,1997-01-01,105,Comedy,Drama,Romance,6.3,139586,299288605,127120029,172168576
525,Real Steel,28.6%,71.4%,tt0433035,2011-01-01,127,Action,Drama,Sci-Fi,7.1,319702,299268508,85468508,213800000
526,Horton Hears a Who!,51.8%,48.2%,tt0451079,2008-01-01,86,Adventure,Animation,Comedy,6.8,137675,298572799,154529439,144043360
527,Ocean's Eight,47.1%,52.9%,tt5164214,2018-01-01,110,Action,Comedy,Crime,6.3,210448,297795726,140295726,157500000
528,A Quiet Place Part II,53.8%,46.2%,tt8332922,2020-01-01,97,Drama,Horror,Sci-Fi,7.2,202441,297372261,160072261,137300000
529,The Divergent Series: Insurgent,43.8%,56.2%,tt2908446,2015-01-01,119,Action,Adventure,Sci-Fi,6.2,232279,297002527,130179072,166823455
530,Look Who's Talking,47.2%,52.8%,tt0097778,1989-01-01,93,Comedy,NA,NA,5.9,81753,296999813,140088813,156911000
531,Austin Powers in Goldmember,71.8%,28.2%,tt0295178,2002-01-01,94,Action,Adventure,Comedy,6.2,206139,296938801,213307889,83630912
532,Ghostbusters,82.1%,17.9%,tt0087332,1984-01-01,105,Action,Comedy,Fantasy,7.8,402521,296578797,243578797,53000000
533,Miss Peregrine's Home for Peculiar Children,29.4%,70.6%,tt1935859,2016-01-01,127,Adventure,Drama,Family,6.7,167778,296482446,87242834,209239612
534,X-Men,53.1%,46.9%,tt0120903,2000-01-01,104,Action,Adventure,Sci-Fi,7.4,601106,296339528,157299718,139039810
535,Ferdinand,28.5%,71.5%,tt3411444,2017-01-01,108,Adventure,Animation,Comedy,6.7,55231,296069199,84410380,211658819
536,Shutter Island,43.4%,56.6%,tt1130884,2010-01-01,138,Mystery,Thriller,NA,8.2,1248120,294805697,128012934,166792763
537,Doctor Dolittle,49%,51%,tt0118998,1998-01-01,85,Comedy,Family,Fantasy,5.4,96234,294456605,144156605,150300000
538,Bee Movie,43.1%,56.9%,tt0389790,2007-01-01,91,Adventure,Animation,Comedy,6.1,156909,293514336,126631277,166883059
539,Salt,40.3%,59.7%,tt0944835,2010-01-01,100,Action,Thriller,NA,6.5,309759,293503354,118311368,175191986
540,G-Force,40.8%,59.2%,tt0436339,2009-01-01,88,Action,Adventure,Animation,5.1,45865,292817898,119436770,173381128
541,The Departed,45.4%,54.6%,tt0407887,2006-01-01,151,Crime,Drama,Thriller,8.5,1278370,291480452,132399394,159081058
542,What Lies Beneath,53.4%,46.6%,tt0161081,2000-01-01,130,Drama,Horror,Mystery,6.6,124203,291420351,155464351,135956000
543,Pacific Rim: Uprising,20.6%,79.4%,tt2557478,2018-01-01,111,Action,Adventure,Sci-Fi,5.6,114637,290930148,59874525,231055623
544,The Bourne Supremacy,60.6%,39.4%,tt0372183,2004-01-01,108,Action,Mystery,Thriller,7.7,455552,290835269,176241941,114593328
545,Sex and the City 2,32.8%,67.2%,tt1261945,2010-01-01,146,Comedy,Drama,Romance,4.5,78958,290745055,95347692,195397363
546,Shakespeare in Love,34.7%,65.3%,tt0138097,1998-01-01,123,Comedy,Drama,History,7.1,222523,289317794,100317794,189000000
547,Divergent,52.2%,47.8%,tt1840309,2014-01-01,139,Action,Adventure,Mystery,6.7,449614,288885818,150947895,137937923
548,Coming to America,44.4%,55.6%,tt0094898,1988-01-01,117,Comedy,Romance,NA,7.1,203869,288752301,128152301,160600000
549,Wedding Crashers,72.5%,27.5%,tt0396269,2005-01-01,119,Comedy,Romance,NA,7,348930,288485135,209273411,79211724
550,Bridesmaids,58.6%,41.4%,tt1478338,2011-01-01,125,Comedy,Romance,NA,6.8,286514,288383523,169106725,119276798
551,Maze Runner: The Death Cure,20.1%,79.9%,tt4500922,2018-01-01,143,Action,Adventure,Sci-Fi,6.2,132277,288175335,58032443,230142892
552,Casper,34.8%,65.2%,tt0112642,1995-01-01,100,Comedy,Family,Fantasy,6.1,130969,287928194,100328194,187600000
553,American Pie 2,50.5%,49.5%,tt0252866,2001-01-01,108,Comedy,NA,NA,6.4,251529,287553595,145103595,142450000
554,Pitch Perfect 2,64.2%,35.8%,tt2848292,2015-01-01,115,Comedy,Music,NA,6.4,153336,287144079,184296230,102847849
555,The Green Mile,47.7%,52.3%,tt0120689,1999-01-01,189,Crime,Drama,Fantasy,8.6,1248685,286801374,136801374,150000000
556,Oblivion,31.1%,68.9%,tt1483013,2013-01-01,124,Action,Adventure,Sci-Fi,7,511529,286168572,89107235,197061337
557,Elysium,32.5%,67.5%,tt1535108,2013-01-01,109,Action,Drama,Sci-Fi,6.6,439482,286140700,93050117,193090583
558,Lethal Weapon 4,45.7%,54.3%,tt0122151,1998-01-01,127,Action,Crime,Thriller,6.6,160890,285444603,130444603,155000000
559,John Carter,25.7%,74.3%,tt0401729,2012-01-01,132,Action,Adventure,Sci-Fi,6.6,268031,284139100,73078100,211061000
560,Turbo,29.4%,70.6%,tt1860353,2013-01-01,96,Adventure,Animation,Comedy,6.4,93971,282570682,83028128,199542554
561,Paddington,27%,73%,tt1109624,2014-01-01,95,Adventure,Comedy,Family,7.3,110537,282377683,76271832,206105851
562,Bridget Jones's Diary,25.4%,74.6%,tt0243155,2001-01-01,97,Comedy,Drama,Romance,6.8,239692,281995610,71543427,210452183
563,The Tourist,24.3%,75.7%,tt1243957,2010-01-01,103,Action,Thriller,NA,6,237683,278780441,67631157,211149284
564,Split,49.7%,50.3%,tt4972582,2016-01-01,117,Horror,Thriller,NA,7.3,472016,278454417,138291365,140163052
565,Scary Movie,56.5%,43.5%,tt0175142,2000-01-01,88,Comedy,NA,NA,6.2,253425,278019771,157019771,121000000
566,xXx,51.2%,48.8%,tt0295701,2002-01-01,124,Action,Adventure,Thriller,5.8,178485,277448382,142109382,135339000
567,The Bourne Legacy,41%,59%,tt1194173,2012-01-01,135,Action,Adventure,Thriller,6.6,298081,276144750,113203870,162940880
568,Mr. Peabody & Sherman,40.4%,59.6%,tt0864835,2014-01-01,92,Adventure,Animation,Comedy,6.8,68379,275698039,111506430,164191609
569,Scooby-Doo,55.6%,44.4%,tt0267913,2002-01-01,89,Adventure,Comedy,Family,5.2,109279,275678613,153322074,122356539
570,Lincoln,66.2%,33.8%,tt0443272,2012-01-01,150,Biography,Drama,History,7.3,257142,275293450,182207973,93085477
571,Lara Croft: Tomb Raider,47.8%,52.2%,tt0146316,2001-01-01,100,Action,Adventure,Fantasy,5.7,207017,274703340,131168070,143535270
572,Tomb Raider,21.2%,78.8%,tt1365519,2018-01-01,119,Action,Adventure,Fantasy,6.3,209275,274650803,58250803,216400000
573,The Expendables,37.6%,62.4%,tt1320253,2010-01-01,103,Action,Adventure,Thriller,6.4,340223,274470394,103068524,171401870
574,Cloudy with a Chance of Meatballs 2,43.7%,56.3%,tt1985966,2013-01-01,95,Adventure,Animation,Comedy,6.4,99875,274325949,119793567,154532382
575,The Nutty Professor,47%,53%,tt0117218,1996-01-01,95,Comedy,Romance,Sci-Fi,5.7,115715,273961019,128814019,145147000
576,Jerry Maguire,56.3%,43.7%,tt0116695,1996-01-01,139,Comedy,Drama,Romance,7.3,258672,273552592,153952592,119600000
577,Bad Boys II,50.7%,49.3%,tt0172156,2003-01-01,147,Action,Comedy,Crime,6.6,245776,273339556,138608444,134731112
578,Lilo & Stitch,53.4%,46.6%,tt0275847,2002-01-01,85,Adventure,Animation,Comedy,7.3,183678,273144151,145794338,127349813
579,The Silence of the Lambs,47.9%,52.1%,tt0102926,1991-01-01,118,Crime,Drama,Thriller,8.6,1376954,272742922,130742922,142000000
580,Grown Ups,59.7%,40.3%,tt1375670,2010-01-01,102,Comedy,NA,NA,5.9,245371,271457301,162001186,109456115
581,Neighbors,55.5%,44.5%,tt2004420,2014-01-01,97,Comedy,NA,NA,6.3,304644,270665134,150157400,120507734
582,The Firm,58.6%,41.4%,tt0106918,1993-01-01,154,Drama,Mystery,Thriller,6.8,131216,270248367,158348367,111900000
583,We're the Millers,55.7%,44.3%,tt1723121,2013-01-01,110,Comedy,Crime,NA,7,435985,269994119,150394119,119600000
584,Gran Torino,54.9%,45.1%,tt1205489,2008-01-01,116,Drama,NA,NA,8.1,758436,269958228,148095302,121862926
585,"10,000 BC",35.1%,64.9%,tt0443649,2008-01-01,109,Action,Adventure,Drama,5.1,129816,269784201,94784201,175000000
586,American Gangster,48.2%,51.8%,tt0765429,2007-01-01,157,Biography,Crime,Drama,7.8,417182,269755430,130164645,139590785
587,Epic,40.1%,59.9%,tt0848537,2013-01-01,102,Action,Adventure,Animation,6.6,104215,268426634,107518682,160907952
588,Exodus: Gods and Kings,24.2%,75.8%,tt1528100,2014-01-01,150,Action,Adventure,Drama,6,166602,268175631,65014513,203161118
589,Bambi,38.2%,61.8%,tt0034492,1942-01-01,70,Adventure,Animation,Drama,7.3,139773,267447150,102247150,165200000
590,The Princess and the Frog,39.1%,60.9%,tt0780521,2009-01-01,97,Adventure,Animation,Comedy,7.1,138522,267045765,104400899,162644866
591,Batman Returns,61%,39%,tt0103776,1992-01-01,126,Action,Crime,Fantasy,7.1,297540,266915287,162924631,103990656
592,Indecent Proposal,40%,60%,tt0107211,1993-01-01,117,Drama,Romance,NA,6,69872,266614059,106614059,160000000
593,Something's Gotta Give,47%,53%,tt0337741,2003-01-01,128,Comedy,Drama,Romance,6.7,119695,265328738,124728738,140600000
594,Bridget Jones: The Edge of Reason,15.2%,84.8%,tt0317198,2004-01-01,108,Comedy,Drama,Romance,6,112882,265126918,40226215,224900703
595,The Incredible Hulk,50.9%,49.1%,tt0800080,2008-01-01,112,Action,Adventure,Sci-Fi,6.7,473499,264770996,134806913,129964083
596,Waterworld,33.4%,66.6%,tt0114898,1995-01-01,135,Action,Adventure,Sci-Fi,6.2,192691,264218220,88246220,175972000
597,The Truman Show,47.6%,52.4%,tt0120382,1998-01-01,103,Comedy,Drama,NA,8.2,1027477,264118201,125618201,138500000
598,Charlie's Angels,47.4%,52.6%,tt0160127,2000-01-01,98,Action,Adventure,Comedy,5.6,185044,264105545,125305545,138800000
599,The Fifth Element,24.2%,75.8%,tt0119116,1997-01-01,126,Action,Adventure,Sci-Fi,7.7,461043,263920180,63820180,200100000
600,Parasite,20.3%,79.7%,tt6751668,2019-01-01,132,Comedy,Drama,Thriller,8.5,730822,263136741,53369749,209766992
601,Jumanji,38.2%,61.8%,tt0113497,1995-01-01,104,Adventure,Comedy,Family,7,334750,262821940,100499940,162322000
602,Borat: Cultural Learnings of America for Make Benefit Glorious Nation of Kazakhstan,48.9%,51.1%,tt0443453,2006-01-01,84,Comedy,NA,NA,7.4,398886,262552893,128505958,134046935
603,Robots,48.8%,51.2%,tt0358082,2005-01-01,91,Adventure,Animation,Comedy,6.4,143194,262511490,128200012,134311478
604,Knight and Day,29.2%,70.8%,tt1013743,2010-01-01,109,Action,Adventure,Comedy,6.3,191460,261989769,76423035,185566734
605,Total Recall,45.7%,54.3%,tt0100802,1990-01-01,113,Action,Adventure,Sci-Fi,7.5,322535,261317921,119412921,141905000
606,This Is It,27.6%,72.4%,tt1477715,2009-01-01,111,Documentary,Drama,Music,7.3,40126,261183588,72091016,189092572
607,Terminator: Dark Fate,23.8%,76.2%,tt6450804,2019-01-01,128,Action,Adventure,Sci-Fi,6.2,170551,261119292,62253077,198866215
608,The Lone Ranger,34.3%,65.7%,tt1210819,2013-01-01,150,Action,Adventure,Western,6.4,230650,260502115,89302115,171200000
609,Super 8,48.8%,51.2%,tt1650062,2011-01-01,112,Action,Mystery,Sci-Fi,7,350069,260095986,127004179,133091807
610,Mojin: The Lost Legend,0.5%,99.5%,tt4276752,2015-01-01,127,Action,Adventure,Drama,5.9,3849,259368448,1243810,258124638
611,Blade Runner 2049,35.5%,64.5%,tt1856101,2017-01-01,164,Action,Drama,Mystery,8,533260,259352064,92071675,167280389
612,Charlie's Angels: Full Throttle,38.9%,61.1%,tt0305357,2003-01-01,106,Action,Adventure,Comedy,4.9,126709,259175788,100830111,158345677
613,Rush Hour 3,54.3%,45.7%,tt0293564,2007-01-01,91,Action,Comedy,Crime,6.2,163976,258097122,140125968,117971154
614,The Full Monty,17.8%,82.2%,tt0119164,1997-01-01,91,Comedy,Drama,NA,7.2,104945,257938649,45950122,211988527
615,Kung Fu Yoga,0.1%,99.9%,tt4217392,2017-01-01,107,Action,Adventure,Comedy,5.2,10065,257753889,362657,257391232
616,Annabelle,32.7%,67.3%,tt3322940,2014-01-01,99,Horror,Mystery,Thriller,5.4,154615,257589721,84284252,173305469
617,The Village,44.5%,55.5%,tt0368447,2004-01-01,108,Drama,Mystery,Thriller,6.6,256664,256697520,114197520,142500000
618,Lost in Hong Kong,0.5%,99.5%,tt4242158,2015-01-01,114,Action,Adventure,Comedy,5.4,1642,256283912,1302281,254981631
619,Erin Brockovich,49%,51%,tt0195685,2000-01-01,131,Biography,Drama,NA,7.4,192549,256271286,125595205,130676081
620,Pegasus,-,100%,tt9597190,2019-01-01,98,Comedy,Sport,NA,6.3,1732,255863112,NA,255863112
621,Get Out,68.9%,31.1%,tt5052448,2017-01-01,104,Horror,Mystery,Thriller,7.7,555644,255745157,176196665,79548492
622,Marley & Me,56%,44%,tt0822832,2008-01-01,111,Comedy,Drama,Family,7.1,155738,255743093,143153751,112589342
623,Halloween,62.3%,37.7%,tt0077651,1978-01-01,91,Horror,Thriller,NA,7.7,264424,255614941,159342015,96272926
624,Us,68.6%,31.4%,tt6857112,2019-01-01,116,Horror,Mystery,Thriller,6.8,272063,255185482,175084580,80100902
625,Encanto,37.7%,62.3%,tt2953050,2021-01-01,102,Animation,Comedy,Family,7.3,176499,255101005,96093622,159007383
626,Cliffhanger,33%,67%,tt0106582,1993-01-01,113,Action,Adventure,Thriller,6.5,127758,255000211,84049211,170951000
627,Baahubali 2: The Conclusion,7.9%,92.1%,tt4849438,2017-01-01,167,Action,Drama,NA,8.3,87732,254158390,20186659,233971731
628,Babe,25%,75%,tt0112431,1995-01-01,91,Comedy,Drama,Family,6.9,123473,254134910,63658910,190476000
629,Men in Black: International,31.5%,68.5%,tt2283336,2019-01-01,114,Action,Adventure,Comedy,5.6,129168,253890701,80001807,173888894
630,Wild Hogs,66.4%,33.6%,tt0486946,2007-01-01,100,Action,Adventure,Comedy,5.9,117684,253625427,168273550,85351877
631,High School Musical 3: Senior Year,35.8%,64.2%,tt0962726,2008-01-01,112,Comedy,Drama,Family,4.9,61700,252909177,90559416,162349761
632,Hercules,39.2%,60.8%,tt0119282,1997-01-01,93,Adventure,Animation,Comedy,7.3,223360,252712101,99112101,153600000
633,X-Men: Dark Phoenix,26.1%,73.9%,tt6565702,2019-01-01,113,Action,Adventure,Sci-Fi,5.7,178846,252442974,65845974,186597000
634,True Grit,67.9%,32.1%,tt1403865,2010-01-01,110,Drama,Western,NA,7.6,332297,252276927,171243005,81033922
635,Bean,18%,82%,tt0118689,1997-01-01,89,Adventure,Comedy,Family,6.5,103162,251212670,45319423,205893247
636,American Hustle,59.8%,40.2%,tt1800241,2013-01-01,138,Crime,Drama,NA,7.3,470916,251171807,150117807,101054000
637,Enemy of the State,44.5%,55.5%,tt0120660,1998-01-01,132,Action,Thriller,NA,7.3,239926,250849789,111549836,139299953
638,You've Got Mail,46.2%,53.8%,tt0128853,1998-01-01,119,Comedy,Drama,Romance,6.7,208585,250821495,115821495,135000000
639,Eragon,30%,70%,tt0449010,2006-01-01,104,Action,Adventure,Family,5.1,125626,250425512,75030163,175395349
640,Brother Bear,34.1%,65.9%,tt0328880,2003-01-01,85,Adventure,Animation,Comedy,6.8,106981,250397798,85336277,165061521
641,The Godfather,54.5%,45.5%,tt0068646,1972-01-01,175,Crime,Drama,NA,9.2,1767907,250341816,136381073,113960743
642,The Mask of Zorro,37.6%,62.4%,tt0120746,1998-01-01,136,Action,Adventure,Comedy,6.8,180584,250288523,94095523,156193000
643,The Ring,51.8%,48.2%,tt0298130,2002-01-01,115,Horror,Mystery,NA,7.1,340563,249348933,129128133,120220800
644,The Blair Witch Project,56.5%,43.5%,tt0185937,1999-01-01,81,Horror,Mystery,NA,6.5,251515,248639099,140539099,108100000
645,Unbreakable,38.3%,61.7%,tt0217869,2000-01-01,106,Drama,Mystery,Sci-Fi,7.3,408808,248118121,95011339,153106782
646,Journey to the West: The Demons Strike Back,0.4%,99.6%,tt5273624,2017-01-01,109,Adventure,Comedy,Family,5.4,3102,247585244,880346,246704898
647,Dumb and Dumber,51.4%,48.6%,tt0109686,1994-01-01,107,Comedy,NA,NA,7.3,375263,247290327,127190327,120100000
648,Glass,45%,55%,tt6823368,2019-01-01,129,Drama,Sci-Fi,Thriller,6.6,233135,246999039,111048468,135950571
649,Grown Ups 2,54.1%,45.9%,tt2191701,2013-01-01,101,Comedy,NA,NA,5.3,150637,246984278,133668525,113315753
650,The Peanuts Movie,52.9%,47.1%,tt2452042,2015-01-01,88,Adventure,Animation,Comedy,7,45216,246233113,130178411,116054702
651,Rango,50.2%,49.8%,tt1192628,2011-01-01,107,Action,Adventure,Animation,7.2,256032,245724603,123477607,122246996
652,Four Weddings and a Funeral,21.4%,78.6%,tt0109831,1994-01-01,117,Comedy,Drama,Romance,7.1,149689,245700832,52700832,193000000
653,Face/Off,45.7%,54.3%,tt0119094,1997-01-01,138,Action,Crime,Sci-Fi,7.3,368060,245676146,112276146,133400000
654,Teenage Mutant Ninja Turtles: Out of the Shadows,33.4%,66.6%,tt3949660,2016-01-01,112,Action,Adventure,Comedy,5.9,91341,245623848,82051601,163572247
655,Dark Shadows,32.5%,67.5%,tt1077368,2012-01-01,113,Comedy,Fantasy,Horror,6.2,261686,245527149,79727149,165800000
656,Dolittle,31.4%,68.6%,tt6673612,2020-01-01,101,Adventure,Comedy,Family,5.6,61388,245439115,77047065,168392050
657,Hulk,53.9%,46.1%,tt0286716,2003-01-01,138,Action,Sci-Fi,NA,5.6,263725,245285165,132177234,113107931
658,Love Actually,24.4%,75.6%,tt0314331,2003-01-01,135,Comedy,Drama,Romance,7.6,473053,245203167,59696144,185507023
659,The Bravest,0.1%,99.9%,tt10218674,2019-01-01,118,Action,Drama,Family,5.7,940,245179562,290217,244889345
660,Welcome to the Sticks,-,100%,tt1064932,2008-01-01,106,Comedy,Romance,NA,7.1,41605,245144417,NA,245144417
661,Back to the Future Part III,36%,64%,tt0099088,1990-01-01,118,Adventure,Comedy,Sci-Fi,7.5,433392,245077583,88277583,156800000
662,Pixels,32.2%,67.8%,tt2120120,2015-01-01,105,Action,Comedy,Fantasy,5.6,140695,244874809,78747585,166127224
663,Hercules,29.7%,70.3%,tt0119282,1997-01-01,93,Adventure,Animation,Comedy,7.3,223360,244819862,72688614,172131248
664,Rush Hour,57.7%,42.3%,tt0120812,1998-01-01,98,Action,Comedy,Crime,7,259588,244721064,141186864,103534200
665,Journey to the Center of the Earth,41.6%,58.4%,tt0373051,2008-01-01,93,Action,Adventure,Family,5.8,120737,244232688,101704370,142528318
666,After Earth,24.8%,75.2%,tt1815862,2013-01-01,100,Action,Adventure,Sci-Fi,4.8,199177,243611982,60522097,183089885
667,A Few Good Men,58.1%,41.9%,tt0104257,1992-01-01,138,Drama,Thriller,NA,7.7,254695,243240178,141340178,101900000
668,Cloudy with a Chance of Meatballs,51.4%,48.6%,tt0844471,2009-01-01,90,Adventure,Animation,Comedy,7,224484,243006126,124870275,118135851
669,8 Mile,48.1%,51.9%,tt0298203,2002-01-01,110,Drama,Music,NA,7.2,277901,242875078,116750901,126124177
670,Daddy's Home,61.9%,38.1%,tt1528854,2015-01-01,96,Comedy,Family,NA,6.1,117623,242786137,150357137,92429000
671,RoboCop,24.2%,75.8%,tt0093870,1987-01-01,102,Action,Crime,Sci-Fi,7.6,251137,242688965,58607007,184081958
672,Eraser,41.8%,58.2%,tt0116213,1996-01-01,115,Action,Crime,Thriller,6.1,109329,242295562,101295562,141000000
673,Alien: Covenant,30.8%,69.2%,tt2316204,2017-01-01,122,Horror,Sci-Fi,Thriller,6.4,273127,240891763,74262031,166629732
674,Sully,51.9%,48.1%,tt3263904,2016-01-01,96,Biography,Drama,NA,7.4,262894,240797623,125070033,115727590
675,Assassin's Creed,22.7%,77.3%,tt2094766,2016-01-01,115,Action,Adventure,Sci-Fi,5.7,196192,240697856,54647948,186049908
676,Click,57.1%,42.9%,tt0389860,2006-01-01,107,Comedy,Drama,Fantasy,6.4,323715,240685326,137355633,103329693
677,Legend of Deification,<0.1%,99.9%,tt11177804,2020-01-01,110,Action,Adventure,Animation,6.5,1719,240663149,214670,240448479
678,Resident Evil: Retribution,17.6%,82.4%,tt1855325,2012-01-01,95,Action,Adventure,Horror,5.3,140129,240159255,42345531,197813724
679,Die Hard 2,49%,51%,tt0099423,1990-01-01,124,Action,Thriller,NA,7.2,355739,240031274,117540947,122490327
680,Crocodile Dundee II,45.6%,54.4%,tt0092493,1988-01-01,108,Action,Adventure,Comedy,5.7,56863,239606210,109306210,130300000
681,Planes,37.7%,62.3%,tt1691917,2013-01-01,91,Adventure,Animation,Comedy,5.7,44615,239258712,90288712,148970000
682,Crazy Rich Asians,73.2%,26.8%,tt3104988,2018-01-01,120,Comedy,Drama,Romance,6.9,164800,238843729,174837452,64006277
683,Batman & Robin,45.1%,54.9%,tt0118688,1997-01-01,125,Action,Sci-Fi,NA,3.7,248556,238235719,107353792,130881927
684,Downton Abbey,40.7%,59.3%,tt6398184,2019-01-01,122,Drama,Romance,NA,7.4,51435,237860050,96853865,141006185
685,Gulliver's Travels,18%,82%,tt1320261,2010-01-01,85,Adventure,Comedy,Family,4.9,68879,237382724,42779261,194603463
686,Gone in 60 Seconds,42.8%,57.2%,tt0187078,2000-01-01,118,Action,Crime,Thriller,6.5,273663,237202299,101648571,135553728
687,Saturday Night Fever,39.7%,60.3%,tt0076666,1977-01-01,118,Drama,Music,NA,6.8,78200,237113184,94213184,142900000
688,Silver Linings Playbook,55.9%,44.1%,tt1045658,2012-01-01,122,Comedy,Drama,Romance,7.7,695903,236412453,132092958,104319495
689,2 Fast 2 Furious,53.8%,46.2%,tt0322259,2003-01-01,107,Action,Crime,Thriller,5.9,268607,236350661,127154901,109195760
690,Howl's Moving Castle,2.4%,97.6%,tt0347149,2004-01-01,119,Adventure,Animation,Family,8.2,375507,236323601,5576743,230746858
691,Hidden Figures,71.9%,28.1%,tt4846340,2016-01-01,127,Biography,Drama,History,7.8,220888,235956898,169607287,66349611
692,A.I. Artificial Intelligence,33.3%,66.7%,tt0212720,2001-01-01,146,Drama,Sci-Fi,NA,7.2,303158,235926552,78616689,157309863
693,Dead Poets Society,40.6%,59.4%,tt0097165,1989-01-01,128,Comedy,Drama,NA,8.1,468020,235860116,95860116,140000000
694,Spy,47%,53%,tt3079380,2015-01-01,120,Action,Comedy,NA,7,241411,235666219,110825712,124840507
695,American Pie,43.6%,56.4%,tt0163651,1999-01-01,95,Comedy,NA,NA,7.1,397670,235483004,102561004,132922000
696,American Reunion,24.3%,75.7%,tt1605630,2012-01-01,113,Comedy,NA,NA,6.7,211611,234989584,57011521,177978063
697,Big Daddy,69.6%,30.4%,tt0142342,1999-01-01,93,Comedy,Drama,NA,6.4,212300,234801895,163479795,71322100
698,Alvin and the Chipmunks: The Road Chip,36.6%,63.4%,tt2974918,2015-01-01,92,Adventure,Animation,Comedy,5,19169,234798636,85886987,148911649
699,The Imitation Game,39%,61%,tt2084970,2014-01-01,114,Biography,Drama,Thriller,8,743192,233555708,91125683,142430025
700,Cruella,36.9%,63.1%,tt3228774,2021-01-01,134,Adventure,Comedy,Crime,7.4,216157,233503234,86103234,147400000
701,The Day the Earth Stood Still,34%,66%,tt0970416,2008-01-01,104,Drama,Sci-Fi,Thriller,5.5,169138,233093859,79366978,153726881
702,American Wedding,44.9%,55.1%,tt0328828,2003-01-01,96,Comedy,NA,NA,6.3,203382,232722935,104565114,128157821
703,The Girl with the Dragon Tattoo,44.1%,55.9%,tt1568346,2011-01-01,158,Crime,Drama,Mystery,7.8,453279,232617430,102515793,130101637
704,Juno,61.8%,38.2%,tt0467406,2007-01-01,96,Comedy,Drama,NA,7.5,512277,232372681,143495265,88877416
705,Argo,58.6%,41.4%,tt1024648,2012-01-01,120,Biography,Drama,Thriller,7.7,602710,232325503,136025503,96300000
706,Mr. Bean's Holiday,14.3%,85.7%,tt0453451,2007-01-01,90,Comedy,Family,NA,6.4,123278,232225908,33302167,198923741
707,The English Patient,33.9%,66.1%,tt0116209,1996-01-01,162,Drama,Romance,War,7.4,187550,231976425,78676425,153300000
708,Sister Act,60.3%,39.7%,tt0105417,1992-01-01,100,Comedy,Family,Music,6.5,96621,231605150,139605150,92000000
709,Annabelle Comes Home,32.1%,67.9%,tt8350360,2019-01-01,106,Horror,Mystery,Thriller,5.9,71765,231252591,74152591,157100000
710,Constantine,32.9%,67.1%,tt0360486,2005-01-01,121,Action,Fantasy,Horror,7,333251,230884728,75976178,154908550
711,Get Smart,56.5%,43.5%,tt0425061,2008-01-01,110,Action,Adventure,Comedy,6.5,214662,230685453,130319208,100366245
712,Space Jam,39.3%,60.7%,tt0117705,1996-01-01,88,Adventure,Animation,Comedy,6.5,193663,230594962,90594962,140000000
713,Life Is Beautiful,25%,75%,tt0118799,1997-01-01,116,Comedy,Drama,Romance,8.6,672752,230098753,57563264,172535489
714,The Heat,69.4%,30.6%,tt2404463,2013-01-01,117,Action,Comedy,Crime,6.6,169731,229930771,159582188,70348583
715,Ghostbusters,56%,44%,tt0087332,1984-01-01,105,Action,Comedy,Fantasy,7.8,402521,229147509,128350574,100796935
716,Ghost Rider,50.6%,49.4%,tt0259324,2007-01-01,110,Action,Fantasy,Thriller,5.2,234260,228738393,115802596,112935797
717,Goodbye Mr. Loser,0.6%,99.4%,tt5061814,2015-01-01,104,Comedy,NA,NA,6.7,2774,228122928,1293626,226829302
718,Paddington 2,17.9%,82.1%,tt4468740,2017-01-01,103,Adventure,Comedy,Family,7.8,72361,227994792,40907738,187087054
719,Sleepless in Seattle,55.6%,44.4%,tt0108160,1993-01-01,105,Comedy,Drama,Romance,6.8,172340,227927165,126808165,101119000
720,Lethal Weapon 2,64.6%,35.4%,tt0097733,1989-01-01,114,Action,Crime,Thriller,7.3,172455,227853986,147253986,80600000
721,The Green Hornet,43.4%,56.6%,tt0990407,2011-01-01,119,Action,Comedy,Crime,5.8,159581,227817248,98780042,129037206
722,Out of Africa,38.3%,61.7%,tt0089755,1985-01-01,161,Biography,Drama,Romance,7.2,78334,227514205,87071205,140443000
723,Youth,0.8%,99.2%,tt3312830,2015-01-01,124,Comedy,Drama,Music,7.3,77202,227091290,1891956,225199334
724,Baby Driver,47.5%,52.5%,tt3890160,2017-01-01,113,Action,Crime,Drama,7.6,506652,226945087,107825862,119119225
725,Immortals,36.8%,63.2%,tt1253864,2011-01-01,110,Action,Drama,Fantasy,6,166739,226904017,83504017,143400000
726,Taken,63.9%,36.1%,tt0936501,2008-01-01,90,Action,Crime,Thriller,7.8,591353,226837760,145000989,81836771
727,Percy Jackson & the Olympians: The Lightning Thief,39.2%,60.8%,tt0814255,2010-01-01,118,Adventure,Family,Fantasy,5.9,185940,226497209,88768303,137728906
728,Hansel & Gretel: Witch Hunters,24.6%,75.4%,tt1428538,2013-01-01,88,Action,Fantasy,Horror,6.1,203898,226349749,55703475,170646274
729,Valerian and the City of a Thousand Planets,18.2%,81.8%,tt2239822,2017-01-01,136,Action,Adventure,Fantasy,6.5,177034,225973340,41189488,184783852
730,Good Will Hunting,61.3%,38.7%,tt0119217,1997-01-01,126,Drama,Romance,NA,8.3,931528,225933435,138433435,87500000
731,Better Days,0.8%,99.2%,tt9586294,2019-01-01,135,Crime,Drama,Romance,7.5,8699,225918798,1921657,223997141
732,Ford v Ferrari,52.2%,47.8%,tt1950186,2019-01-01,152,Action,Biography,Drama,8.1,361169,225508210,117624357,107883853
733,Jumper,35.6%,64.4%,tt0489099,2008-01-01,88,Action,Adventure,Sci-Fi,6.1,301581,225132113,80172128,144959985
734,Elf,79%,21%,tt0319343,2003-01-01,97,Adventure,Comedy,Family,7,260146,225097437,177874109,47223328
735,The Social Network,43.1%,56.9%,tt1285016,2010-01-01,120,Biography,Drama,NA,7.8,678923,224920375,96962694,127957681
736,Chicken Run,47.5%,52.5%,tt0120630,2000-01-01,84,Adventure,Animation,Comedy,7.1,187604,224834564,106834564,118000000
737,Con Air,45.1%,54.9%,tt0118880,1997-01-01,115,Action,Crime,Thriller,6.9,292244,224012234,101117573,122894661
738,Interview with the Vampire: The Vampire Chronicles,47.1%,52.9%,tt0110148,1994-01-01,123,Drama,Fantasy,Horror,7.5,313302,223664608,105264608,118400000
739,Flightplan,40.2%,59.8%,tt0408790,2005-01-01,98,Drama,Mystery,Thriller,6.3,160327,223387299,89707299,133680000
740,Yes Man,43.8%,56.2%,tt1068680,2008-01-01,104,Comedy,Romance,NA,6.8,354448,223241637,97690976,125550661
741,Non-Stop,41.4%,58.6%,tt2024469,2014-01-01,106,Action,Mystery,Thriller,6.9,261112,222809600,92168600,130641000
742,"Honey, I Shrunk the Kids",58.7%,41.3%,tt0097523,1989-01-01,93,Adventure,Comedy,Family,6.4,151773,222724172,130724172,92000000
743,Fahrenheit 9/11,53.6%,46.4%,tt0361596,2004-01-01,122,Documentary,Drama,War,7.5,129022,222446882,119194771,103252111
744,Wild Wild West,51.2%,48.8%,tt0120891,1999-01-01,106,Action,Comedy,Sci-Fi,4.9,159439,222104681,113804681,108300000
745,"My Country, My Parents",<0.1%,99.9%,tt15465312,2021-01-01,157,Drama,NA,NA,6,305,221715716,166807,221548909
746,Geostorm,15.2%,84.8%,tt1981128,2017-01-01,109,Action,Sci-Fi,Thriller,5.3,104969,221600160,33700160,187900000
747,Presumed Innocent,39%,61%,tt0100404,1990-01-01,127,Mystery,Thriller,NA,6.9,41311,221303188,86303188,135000000
748,Jungle Cruise,53%,47%,tt0870154,2021-01-01,127,Action,Adventure,Comedy,6.6,173312,220889446,116987516,103901930
749,Scary Movie 3,49.8%,50.2%,tt0306047,2003-01-01,84,Comedy,NA,NA,5.5,145317,220673217,110003217,110670000
750,Collateral,45.9%,54.1%,tt0369339,2004-01-01,120,Action,Crime,Drama,7.5,388331,220239925,101005703,119234222
751,Inferno,15.6%,84.4%,tt3062096,2016-01-01,121,Action,Adventure,Crime,6.2,172067,220021259,34343574,185677685
752,Knocked Up,67.6%,32.4%,tt0478311,2007-01-01,129,Comedy,Romance,NA,7,364619,219922417,148768917,71153500
753,Green Lantern,53%,47%,tt1133985,2011-01-01,114,Action,Adventure,Sci-Fi,5.5,280713,219851172,116601172,103250000
754,What Happens in Vegas,36.6%,63.4%,tt1033643,2008-01-01,99,Comedy,Romance,NA,6.1,174157,219375562,80277646,139097916
755,It's Complicated,51.4%,48.6%,tt1230414,2009-01-01,121,Comedy,Drama,Romance,6.5,91452,219103655,112735375,106368280
756,The Terminal,35.5%,64.5%,tt0362227,2004-01-01,128,Comedy,Drama,Romance,7.4,444600,219100084,77872883,141227201
757,Captain Phillips,49%,51%,tt1535109,2013-01-01,134,Action,Biography,Crime,7.8,448389,218791811,107100855,111690956
758,The Prince of Egypt,46.4%,53.6%,tt0120794,1998-01-01,99,Adventure,Animation,Drama,7.1,128393,218613188,101413188,117200000
759,Jack Reacher,36.7%,63.3%,tt0790724,2012-01-01,130,Action,Mystery,Thriller,7,331889,218340595,80070736,138269859
760,Kingdom of Heaven,21.7%,78.3%,tt0320661,2005-01-01,144,Action,Adventure,Drama,7.2,282274,218122627,47398413,170724214
761,The Emoji Movie,39.5%,60.5%,tt4877122,2017-01-01,86,Adventure,Animation,Comedy,3.3,62448,217776646,86089513,131687133
762,Too Cool to Kill,<0.1%,99.9%,tt16254308,2022-01-01,109,Comedy,NA,NA,6.2,188,217256003,185882,217070121
763,Dracula Untold,25.9%,74.1%,tt0829150,2014-01-01,92,Action,Drama,Fantasy,6.2,191400,217124280,56280355,160843925
764,Central Intelligence,58.7%,41.3%,tt1489889,2016-01-01,107,Action,Comedy,Crime,6.3,182205,216972543,127440871,89531672
765,Million Dollar Baby,46.4%,53.6%,tt0405159,2004-01-01,132,Drama,Sport,NA,8.1,672358,216763646,100492203,116271443
766,The Help,78.3%,21.7%,tt1454029,2011-01-01,146,Drama,NA,NA,8.1,447325,216639112,169708112,46931000
767,Twins,51.7%,48.3%,tt0096320,1988-01-01,107,Comedy,Crime,NA,6.1,122316,216614388,111938388,104676000
768,Little Women,49.9%,50.1%,tt3281548,2019-01-01,135,Drama,Romance,NA,7.8,187921,216601214,108101214,108500000
769,Valentine's Day,51%,49%,tt0817230,2010-01-01,125,Comedy,Romance,NA,5.7,118944,216528528,110528528,106000000
770,Bad Teacher,46.4%,53.6%,tt1284575,2011-01-01,92,Comedy,Romance,NA,5.7,201217,216197492,100292856,115904636
771,A Little Red Flower,-,100%,tt12497408,2020-01-01,122,Drama,Family,NA,6.7,544,216000000,NA,216000000
773,Clear and Present Danger,56.6%,43.4%,tt0109444,1994-01-01,141,Action,Crime,Drama,6.9,97569,215887717,122187717,93700000
774,One Hundred and One Dalmatians,67.1%,32.9%,tt0055254,1961-01-01,79,Adventure,Animation,Comedy,7.3,164023,215880014,144880014,71000000
775,Ted 2,37.7%,62.3%,tt2637276,2015-01-01,115,Comedy,NA,NA,6.3,202120,215863606,81476385,134387221
776,Bram Stoker's Dracula,38.2%,61.8%,tt0103874,1992-01-01,128,Drama,Fantasy,Horror,7.4,210973,215862692,82522790,133339902
777,Vertical Limit,32.1%,67.9%,tt0190865,2000-01-01,124,Action,Adventure,Drama,5.9,61245,215663859,69243859,146420000
778,Ghostbusters II,52.2%,47.8%,tt0097428,1989-01-01,108,Action,Comedy,Fantasy,6.6,202137,215394738,112494738,102900000
779,The Patriot,52.6%,47.4%,tt0187393,2000-01-01,165,Action,Drama,History,7.2,268970,215294342,113330342,101964000
780,The Sorcerer's Apprentice,29.3%,70.7%,tt0963966,2010-01-01,109,Action,Adventure,Family,6.1,160098,215283742,63150991,152132751
781,Just Go with It,47.9%,52.1%,tt1564367,2011-01-01,117,Comedy,Romance,NA,6.4,238028,214945591,103028109,111917482
782,The Expendables 3,18.3%,81.7%,tt2333784,2014-01-01,126,Action,Adventure,Thriller,6.1,179273,214657577,39322544,175335033
783,Dirty Dancing,30.1%,69.9%,tt0092890,1987-01-01,100,Drama,Music,Romance,7,223320,214577242,64577242,150000000
784,Creed II,54%,46%,tt6343314,2018-01-01,130,Drama,Sport,NA,7.1,119973,214215889,115715889,98500000
785,Smallfoot,38.9%,61.1%,tt6182908,2018-01-01,96,Adventure,Animation,Comedy,6.6,38519,214115531,83315531,130800000
786,Public Enemies,45.4%,54.6%,tt1152836,2009-01-01,140,Action,Biography,Crime,7,296130,214104620,97104620,117000000
787,The Bourne Identity,56.8%,43.2%,tt0258463,2002-01-01,119,Action,Mystery,Thriller,7.9,536149,214034224,121661683,92372541
788,Disclosure,38.8%,61.2%,tt0109635,1994-01-01,128,Drama,Thriller,NA,6.1,49569,214015089,83015089,131000000
789,Pulp Fiction,50.4%,49.6%,tt0110912,1994-01-01,154,Crime,Drama,NA,8.9,1971414,213928762,107928762,106000000
790,The Aviator,48%,52%,tt0338751,2004-01-01,170,Biography,Drama,NA,7.5,354061,213719942,102610330,111109612
791,"Crouching Tiger, Hidden Dragon",60%,40%,tt0190332,2000-01-01,120,Action,Adventure,Drama,7.9,264707,213525736,128078872,85446864
792,Braveheart,35.5%,64.5%,tt0112573,1995-01-01,178,Biography,Drama,History,8.4,1012328,213216216,75609945,137606271
793,Into the Woods,60.1%,39.9%,tt2180411,2014-01-01,125,Adventure,Comedy,Drama,5.9,139197,212902372,128002372,84900000
794,Bedtime Stories,51.7%,48.3%,tt0960731,2008-01-01,99,Adventure,Comedy,Family,6,93663,212874864,110101975,102772889
795,Miss Congeniality,50.2%,49.8%,tt0212346,2000-01-01,109,Action,Comedy,Crime,6.3,203765,212742720,106807667,105935053
796,Entrapment,41.3%,58.7%,tt0137494,1999-01-01,113,Action,Crime,Romance,6.3,114198,212404396,87704396,124700000
797,Ace Ventura: When Nature Calls,51%,49%,tt0112281,1995-01-01,90,Adventure,Comedy,Crime,6.4,213311,212385533,108385533,104000000
798,End of Days,31.6%,68.4%,tt0146675,1999-01-01,122,Action,Fantasy,Horror,5.8,109684,211989043,66889043,145100000
799,Bridget Jones's Baby,11.4%,88.6%,tt1473832,2016-01-01,123,Comedy,Drama,Romance,6.5,74422,211952420,24252420,187700000
800,Fury,40.5%,59.5%,tt2713180,2014-01-01,134,Action,Drama,War,7.6,469022,211822697,85817906,126004791
